thread_id,brand,customer_tweet_id,customer_text,gold_reply,created_at
uber_771,Uber_Support,771,@115873 you need to correct false charges from a trip in Lexington KY on Saturday. I want my $13 back #lyingdriver #theft,@115872 Happy to follow up! Contact us via https://t.co/1xM0TILvAI so we can connect.,Tue Oct 31 22:12:00 +0000 2017
uber_773,Uber_Support,773,@115873 my driver just drove me to the department of air travel instead of the airport.......... rufkm,"@115874 We're here to help! Send us a note here, https://t.co/WFtPA6RjWt and our team will be in touch.",Tue Oct 31 22:01:07 +0000 2017
uber_775,Uber_Support,775,@Uber_Support I’m not getting your texts. https://t.co/GhefNjQTfg,"@115875 We’re here to help, Travis! Send us a note via https://t.co/dwDjAokZht and we'll be in touch.",Tue Oct 31 21:59:51 +0000 2017
uber_777,Uber_Support,777,@115877 got this threw my door today went to order... sorry we don't deliver to your area! What!!! Why did I get this then! https://t.co/BGzU59vYJS,@115876 For more info about UberEats availability click here; https://t.co/3A9YFZQFaF,Tue Oct 31 21:58:10 +0000 2017
uber_780,Uber_Support,780,@Uber_Support Why is there no phone number ?? I'm literally stranded and now I have to wait for an automated reply this is ridiculous,@115878 We have received your DM and will follow up with you there.,Tue Oct 31 21:59:34 +0000 2017
uber_782,Uber_Support,782,Literally stranded because of @115873 and because there is no support phone number I have to wait from a message from @Uber_Support Smh 🤦🏾‍♂️,@115878 We're sorry to hear this was your experience. Can you send us a DM with your email address so we can connect?,Tue Oct 31 21:40:20 +0000 2017
uber_784,Uber_Support,784,"1 hour+ inside an old Altima that smells and has ripped stain seats, with an inexperienced miami driver @115873 standards down now 4 applying!","@115880 We're sorry to hear this was your experience, Ray. Please contact us via https://t.co/aBEgvdNWQN and we'll be in touch.",Tue Oct 31 22:11:47 +0000 2017
uber_1793,Uber_Support,1793,@Uber_Support I did. No response.,@116108 We're here to help! Send us a DM with your email address so we can follow up.,Tue Oct 31 23:46:02 +0000 2017
uber_1794,Uber_Support,1794,@115873 wtf is this.. every time I try to use the app it gives me this crap https://t.co/sp7kMe0ogA,@116108 Here to help! Send us a note via https://t.co/xMxswVLBKT so our team can connect.,Tue Oct 31 22:18:04 +0000 2017
uber_1797,Uber_Support,1797,@115877 your app and website still don’t work,@116109 We have followed up via DM.,Tue Oct 31 22:14:08 +0000 2017
uber_1800,Uber_Support,1800,@115873 hi just for a ride and it seemed to think I wanted to go to my original location. I canceled trip but want to see about being credited,@116110 Here to help! Send us a note via https://t.co/1xM0TILvAI so our team can assist.,Tue Oct 31 22:07:08 +0000 2017
uber_1802,Uber_Support,1802,"@Uber_Support I already dm y'all about 30 mins ago, check it out it is long and detailed.",@116111 We're currently reviewing your email and will be in touch shortly. We appreciate your patience!,Tue Oct 31 22:38:15 +0000 2017
uber_1803,Uber_Support,1803,Bruh can someone at @115873 @Uber_Support get back to me on my Dms 😒😒😒😒,@116111 Here to help! Send us a note via https://t.co/zJ6aIZinzb so our team can connect.,Tue Oct 31 22:19:10 +0000 2017
uber_1807,Uber_Support,1807,.@Uber_Support My driver broke down. Any tips on getting a refund?,@116112 We're sorry to hear this was your experience. Send us a note via https://t.co/K05RdmK3t4 so we can assist.,Tue Oct 31 22:13:49 +0000 2017
uber_1809,Uber_Support,1809,@Uber_Support i do not see we're the trid if is listed on the app.. i sent in a few message,@116113 Please DM us with your account email address and phone number so we can look into this. https://t.co/sd7yH5jmbJ,Tue Oct 31 22:01:31 +0000 2017
uber_1812,Uber_Support,1812,@115873 worst most unprofessional driver ever !! asked for extra fee when he showed up ! yelling at me cause uber don't pay for his 30k car??? https://t.co/i5qOULRSnc,@116113 Sorry to hear this was your experience! Please send us a note at https://t.co/K05RdmK3t4 so we can connect right away.,Tue Oct 31 21:50:15 +0000 2017
uber_1866,Uber_Support,1866,@Uber_Support I have submitted complain against over charging but still not response from uber support!!!!,@116127 Here to help! Please DM (direct message) us your email address so we can follow up. Thanks!,Fri Dec 01 06:44:23 +0000 2017
uber_2097,Uber_Support,2097,@Uber_Support done please check,"@116168 Hi, Singh. Please send us a DM with your account email address and phone number so we can locate your account. Thanks for your patience.",Fri Dec 01 06:50:57 +0000 2017
uber_2098,Uber_Support,2098,kya khassi support hai yaar @Uber_Support. i am an uber rider not driver. they are telling me to take docs to nearby uber office for verification and all i was asked was to update my cellphone number 👺👺,@116168 Happy to further assist you. Can you please send us a DM with your email address and additional details so we can follow up?,Fri Dec 01 06:40:48 +0000 2017
uber_2125,Uber_Support,2125,"@Uber_Support After contacting you concerning deactivation of my account, it was reactivated but after 48 hrs, ,it has been been deactivated. Please help",@116175 Hello! Thanks for your patience. Please check your DM ( direct messages) for our reply.,Fri Dec 01 04:25:43 +0000 2017
uber_2156,Uber_Support,2156,@Uber_Support do you also support ubereats singapore? im reaching out here bec the support there is useless. any chance you could help?,@116186 We're here to help! Send us a DM with your email address and more details so we can follow up.,Fri Dec 01 06:38:56 +0000 2017
uber_2404,Uber_Support,2404,When I open the GPS map on UberEATS and see that my driver has turned down the wrong street: https://t.co/awQwmNwfUV,@116264 Here to help. Send us a note at https://t.co/ptj11JUNYu so our team can connect.,Wed Nov 01 02:31:19 +0000 2017
uber_2406,Uber_Support,2406,"@115877 hey, I was wondering if you could give me a discount on my food I'm broke!",@116265 Happy to help! Please visit this link; https://t.co/qfimGYE4QO to know more about how to get a free food.,Sun Nov 26 00:19:46 +0000 2017
uber_2408,Uber_Support,2408,"@115877 dealing with a driver who is literally incompetent and just swore down the phone, i hope this isn’t what ubereats stands for?",@116266 We're so sorry for the trouble. Send us a note via https://t.co/G6utFs8cUp so we can assist.,Sun Nov 26 00:24:54 +0000 2017
uber_2410,Uber_Support,2410,.@115873 I️t took our driver over 5 minutes to start moving for our ride. We have a flight to catch. If they can’t do the ride then they shouldn’t accept I️t. #CustomerService,@116267 Here to help! Send us a note here https://t.co/fS660rQ8NQ so we can assist.,Sun Nov 26 00:24:29 +0000 2017
uber_2412,Uber_Support,2412,How did I not get a ride out of this surge!? I’m at the Four Seasons resort and there is only one car around me and it’s farther away. Thanks @115873. #scrubered. https://t.co/qdicFjZlXB,@116268 We can take a look! Send us a note via https://t.co/tv4psVy8sr so our team can get in touch.,Sun Nov 26 00:17:09 +0000 2017
uber_2414,Uber_Support,2414,Ugh! @115873 is there a reason you disabled my ability to respond to a complaint you guys asked me to resend information to?,@116269 Here to help! Send us a DM with your email address with more info so we can assist.,Sun Nov 26 00:01:10 +0000 2017
uber_2417,Uber_Support,2417,@Uber_Support I submitted an online request and expect a cancellation credit to my account as I would of had to pay. Thank you!,@116270 Here to help! Send us a DM with your email address so we can assist.,Sun Nov 26 01:07:05 +0000 2017
uber_2418,Uber_Support,2418,Hey @116271 my scheduled ride canceled on me when he was 1 minute away. If I cancel I pay $5. I need a $5 credit.,@116270 Here to help! Follow up here; https://t.co/h840Iouehc and our team will connect right away.,Sun Nov 26 00:17:39 +0000 2017
uber_2422,Uber_Support,2422,@Uber_Support Thank you for your response. Put in a request and am waiting for reply!,@116272 We're here to help! Send us a DM with your email address so we can follow up.,Sun Nov 26 00:47:30 +0000 2017
uber_2423,Uber_Support,2423,@115877 just made a $35 ubereats order from @116273 and did not receive my burrito. Who should I contact?,@116272 We can definitely take a look! Send us a note via https://t.co/nFTc4ODH3P so we can assist.,Sun Nov 26 00:19:51 +0000 2017
uber_2426,Uber_Support,2426,@Uber_Support Or even reply.,"@116274 We're following up with you via DM, be on the look out for our response.",Sun Nov 26 00:11:26 +0000 2017
uber_2429,Uber_Support,2429,@116276 any reason I’m trying to Inform ur support staff that my debit card is being charged fraudulently from another Uber account while I’m at work and no one seems to care?,"@116275 We'd be happy to look into this, Frank. Please provide the email address you used to reach out to us so we can further review and assist.",Sat Nov 25 23:57:36 +0000 2017
uber_2432,Uber_Support,2432,.@115877’s surge pricing is ridiculous. I literally just ordered the exact same food from @425 on @154 for $13 less. 🙄,@116277 The busy area fee helps us maintain the reliability &amp; speed of our service. You can try again later when there may be less demand.,Sun Nov 26 00:12:04 +0000 2017
uber_2434,Uber_Support,2434,"@Uber_Support Is there a way I can address a specific issue? Though i already received compensation for that ride i reported, I'd like to mention it would've been avoided if the route to my location was plotted correctly. The map told him to pass through a route that had a dead end","@116278 We're here to help! Send us a note here, https://t.co/z33D4A8p40 and our team will be in touch.",Sun Nov 26 00:11:26 +0000 2017
uber_2436,Uber_Support,2436,Hi @Uber_Support I have a problem with a cancellation fee I was charged but the case fits none of the options. How can I report i this?,@116278 Here to help. Send us a note at https://t.co/QsI1vsvcif so our team can connect.,Fri Nov 24 23:12:52 +0000 2017
uber_2438,Uber_Support,2438,"@115873 awful customer service, why bother trying to contact the head office?","@116279 Hi, Jenny! Kindly send us details regarding your concern so our team can assist.",Sun Nov 26 00:13:30 +0000 2017
uber_2440,Uber_Support,2440,"@Uber_Support i’m already registered as a driver, lower the age requirement or let me bypass the rule please",@116280 Here to help! Contact us here; https://t.co/uRjsQ64qLY so we can take a closer look.,Sun Nov 26 00:27:31 +0000 2017
uber_2443,Uber_Support,2443,@Uber_Support i’m 4 months away from being 21 and have driving experience including delivery. i feel i should be able to drive now instead of waiting to be 21,@116280 Hi! Please visit https://t.co/Xaf6cZMUVR for more information.,Sun Nov 26 00:44:53 +0000 2017
uber_2441,Uber_Support,2441,@115873 i’m only a few months away from 21. let me drive anyway,@116280 Here to help! For more info please visit;https://t.co/Xaf6cZMUVR.,Sun Nov 26 00:12:27 +0000 2017
uber_2446,Uber_Support,2446,"@Uber_Support That's a big lie otherwise my account would be up and running, stop lying, I'll make it public all the lies your guys have told me, been told it would only take 48 hours been waiting 5 DAYS","@116281 Hey there, Jasmany! We can see that a member of our team is looking into this for you. In an effort to enhance your support experience, and to avoid further confusion we'll be following up with any further questions or concerns you may have through in-app support.",Sun Nov 26 21:36:43 +0000 2017
uber_2447,Uber_Support,2447,"@116276 ANSWER ME, WHY IF I REPORT ANOTHER DRIVER WITH A GUN IN HI VEHICLE MY ACCOUNT GETS PUT ON HOLD????????","@116281 Sorry to hear about the trouble, Jasmany. We've escalated your concern - a member of our team will be in touch shortly via in-app. These type of issues are handled off social media. We apologize for any inconvenience this may have caused.",Sat Nov 25 23:56:44 +0000 2017
uber_2451,Uber_Support,2451,"@Uber_Support I already messaged you her email address. Not sure what you mean with in-app support, but do you realize you guys deactivated her account?",@116282 Here to help! Please confirm the email address or phone number through direct message so we can further assist,Sun Nov 26 01:40:47 +0000 2017
uber_2452,Uber_Support,2452,"@115873 @Uber_Support My wife account got charged w 2 uber eats orders we never placed. Called help number, and after 20 min hold, all we were told had to email uber help Seriously?","@116282 We definitely want to take a closer look. However, due to our policy terms and conditions, we will need to discuss this with the account holder. Please message us with the email address associated with the account and we'll follow up with her directly via in-app support.",Sun Nov 26 00:05:45 +0000 2017
uber_2455,Uber_Support,2455,An uber driver 1)let me drive 2)started petting my hair as I drive 3)hugged me goodbye and 4)proceeded to touch my ass dyring said weird ass hug @115873 get ur shit together,@116283 We're here to help. Send us a DM with your email address so we can assist.,Sun Nov 26 00:05:53 +0000 2017
uber_2457,Uber_Support,2457,"@Uber_Support I booked a trip with you tonight, and after I paid for the trip the driver never came and the drive was completed in the app, what can we do to get our money back?",@116284 Here to help. Send us a note at https://t.co/e8HVorX5rh so our team can connect.,Sun Nov 26 00:08:26 +0000 2017
uber_2459,Uber_Support,2459,@Uber_Support I definitely did this to no avail - it kept defaulting to the terminal.,"@116285 Sorry to hear about the trouble, Eric! At airports, there are usually only specific pick up zones which would then make moving the pin to your exact location default back to the designated pick up zone. We apologize for the inconvenience.",Sun Nov 26 00:13:14 +0000 2017
uber_2460,Uber_Support,2460,"@Uber_Support; why do you make it impossible to arrange for a pick up at an FBO at an airport? I'm in the US and no matter what I do, the pick up location defaults to the terminal. I'm not at the the terminal. I'm at the FBO. You guys lost 3 rides tonight.","@116285 Hi, Eric. Kindly visit this link for more info; https://t.co/HULHsCQlaL",Sun Nov 26 00:01:53 +0000 2017
uber_2463,Uber_Support,2463,"For those of you who saw my insta story earlier today, I am safe. I got into a car accident while riding in my @115873 and am currently being checked out in the ER. Moments like this make me realize how quickly things in life can change and how lucky I am to be here. I thank God.",@116286 We absolutely want to follow up right away. Please send us a DM with your email address so we can connect.,Sun Nov 26 00:01:09 +0000 2017
uber_2465,Uber_Support,2465,"@115873 @116288 My friend, Harsh Ranjan left his phone in uber cab while returning home. He tried calling his phone, it rang at the beginning then after few seconds it's coming as switched off. I am sharing the driver details and trip details. Kindly help. https://t.co/m1QNY1rSm2",@116287 Due to our privacy policy we're not able to address these concerns over social. Please have the account holder (or the person you're writing in for) contact us at https://t.co/rOtqyWzf0B so we can assist them further. Please let us know if you have any other questions.,Sun Nov 26 00:02:29 +0000 2017
uber_2467,Uber_Support,2467,@Uber_Support Minimum fare rides lose money. Fix it.,@116289 We can definitely take a look! Send us a DM with your email address so we can follow up.,Sun Nov 26 00:02:26 +0000 2017
uber_2469,Uber_Support,2469,@Uber_Support Already did weeks ago. Been answered to reboot/reinstall.,@116290 Happy to help! Please confirm your email address or phone number through direct message (DM) so our team can assist you further.,Sun Nov 26 00:00:07 +0000 2017
uber_2471,Uber_Support,2471,@Uber_Support Well paypal payment not working since the start of the week.,@116290 Here to help! Send us a DM with your email address so we can assist.,Sat Nov 25 02:56:26 +0000 2017
uber_2474,Uber_Support,2474,@Uber_Support since the ParisGamesWeek your system dosnt work by paypal. F*** it i'm taking taxis.,@116290 Here to help. Send us a note at https://t.co/5MN4s6W3AA so our team can connect.,Sat Nov 25 02:49:59 +0000 2017
uber_2476,Uber_Support,2476,@Uber_Support I already tried this. It failed.,@116291 We're here to help! Send us a DM with your email address so we can follow up.,Sat Nov 25 23:59:37 +0000 2017
uber_2478,Uber_Support,2478,When your @115873 driver accuses you of stealing his “hustle” money from his cup holder but then finds it under his seat and was rude and disrespectful &amp; denies you a refund...,@116291 Here to help! Send us a note at https://t.co/fS660rQ8NQ so our team can connect.,Sat Nov 25 23:21:05 +0000 2017
uber_2480,Uber_Support,2480,@115877 Tell me why I've called support four times and been on hold for ages every time .. If no one answers what's the point of having a support number,@116292 We're here to help. Can you please send us a DM with your email address so we can look into this?,Sat Nov 25 23:56:03 +0000 2017
uber_2494,Uber_Support,2494,"@115877 AND NOW, I CAN'T EVEN REORDER BECAUSE THE RESTAURANT IS CLOSED!!!!!!!!!!!!!!!!!!!!!!!!!! UBER EATS UBER SUCKS.",@116299 So sorry to hear this. Please send us a DM with your email address so we can help.,Wed Nov 01 02:40:51 +0000 2017
uber_2714,Uber_Support,2714,@Uber_Support I Dm'ed you!,@116355 Thank you for following up. A member of our team will be in touch shortly through DM.,Wed Nov 01 02:26:52 +0000 2017
uber_2717,Uber_Support,2717,"@Uber_Support I need help with my Account, It gets disabled every time I try to login and it's getting really frustrating!😬😠",@116355 It seems a member of our team has reached out to you. Please check your email and follow up with them there.,Wed Nov 01 01:18:59 +0000 2017
uber_2719,Uber_Support,2719,@Uber_Support @115877 you haven’t “reached out”. Please refund the cost of the inedible food without delay,@116356 We've folllwed up via DM.,Thu Nov 02 12:25:46 +0000 2017
uber_2724,Uber_Support,2724,"Hi @115877 this is an inadequate response to me telling you I had to throw away the entire £18 order. If eat in, would’ve been sent back https://t.co/lqjrLk8BYw",@116356 We're here to help! Send us a DM with your email address so we can connect.,Mon Oct 30 22:43:04 +0000 2017
uber_2726,Uber_Support,2726,@Uber_Support I ordered food through uber eats. I did not get the delivery. Please contact me.,@116357 Here to help! Send us a note at https://t.co/nFTc4ODH3P so our team can connect.,Tue Oct 31 22:24:15 +0000 2017
uber_2728,Uber_Support,2728,"Hey, all, this guy picked my cousin up in Pittsburgh on Friday for @115873 and tried sexually assaulting her. His name is Feruzbek. https://t.co/rfzLT3fn5Q",@116358 We take this very seriously. Please send us a DM with your email address so we can connect ASAP.,Tue Oct 31 22:19:35 +0000 2017
uber_2733,Uber_Support,2733,.@115873 how do i dispute a charge?,@116360 We're here to help! Send us a DM with your email address and specific details of your issue so we can follow up.,Tue Oct 31 22:17:41 +0000 2017
uber_2735,Uber_Support,2735,@Uber_Support it's fucking cold and we have to wait 15 min. I want to cancel my taxi. It doesn't work. Pls help. There are taxis inf front,@116361 Here to help. Send us a note at https://t.co/e8HVorX5rh so our team can connect.,Wed Nov 01 02:22:36 +0000 2017
uber_2942,Uber_Support,2942,LOLLLLL our uber just got pulled ov by tu police and £100 fine,@116389 We take this very seriously. Please send us a DM with your email address and additional details so we can connect ASAP.,Wed Nov 01 02:26:13 +0000 2017
uber_3161,Uber_Support,3161,@Uber_Support Already spoke with you guys through the app. Wasn't helpful.,@116437 Thanks for following up. Please confirm your email address or phone number through direct message so we can further assist.,Fri Dec 01 06:27:15 +0000 2017
uber_3163,Uber_Support,3163,"Uber driver drove me to wrong location, makes me get out anyway and @115873 won't provide a proper refund 🙃🙃🙃 #Delete #Fail Sup @115879 😘😘😘",@116437 Happy to further assist you. Can you please send us a DM with your email address and additional details so we can follow up?,Fri Dec 01 06:10:17 +0000 2017
uber_3640,Uber_Support,3640,So upset with ubereats! No one will get back to ME!! @Uber_Support @115877 @115877,@116581 Here to help. Send us a note at https://t.co/xRfusvlJhN so our team can connect.,Wed Nov 01 02:37:14 +0000 2017
uber_3717,Uber_Support,3717,"#uber : how funny when Uber Ask you to add even 10/- incase of low balance, and then deduct 50/- for their driver cancelling the ride.😡😡😡",@116608 Here to help! Connect with us through https://t.co/zUe0dj6yoX and we'll be in touch.,Wed Nov 01 02:21:10 +0000 2017
uber_3719,Uber_Support,3719,@Uber_Support Are you going to email me or not,"@116609 We've replied via DM, please follow up there.",Wed Nov 01 02:59:58 +0000 2017
uber_3721,Uber_Support,3721,@Uber_Support my driver crashed and I hit my head happy Halloween,@116609 We hope everyone is ok. Please DM us your email address so we can follow up immediately.,Wed Nov 01 00:59:21 +0000 2017
uber_3801,Uber_Support,3801,@Uber_Support Hello??? What's going on????,@116634 We're here to help. We just sent you a DM.,Wed Nov 01 00:05:29 +0000 2017
uber_3802,Uber_Support,3802,@Uber_Support WTF??? Trying to book &amp; it just says Oops. Trying to get help &amp; nothing is working. HELP!!! I need to book urgently #uberdrama,"@116634 Hi, we're here to help. Please DM us the email linked to your Uber account so we can look into this for you.",Tue Oct 31 23:08:14 +0000 2017
uber_3805,Uber_Support,3805,"@115873 why charge higher than the rate range when I order? Ordered uberblack in Geneva for a 5-min ride. Range was Ch19 -24, charged Ch32.38.","@116635 Here to help. For more info regarding your concern, please visit: https://t.co/UYuIveoHXo",Tue Oct 31 22:26:48 +0000 2017
uber_3807,Uber_Support,3807,Hey @115873 I’m currently in a car with the worlds dumbest driver. Y’all need to start checking these fools,@116636 Here to help! Send us a note via https://t.co/fS660rQ8NQ so our team can connect.,Tue Oct 31 22:28:41 +0000 2017
uber_3809,Uber_Support,3809,@Uber_Support one of your drivers just started my ride without picking me up,@116637 Here to help. Send us a note at https://t.co/fS660rQ8NQ so our team can connect.,Tue Oct 31 22:25:24 +0000 2017
uber_3811,Uber_Support,3811,"@Uber_Support help! My vehicle registration expires today. I paid my license dept last week but have not received it in the mail, to upload.","@116638 We're here to help! Send us a note here, https://t.co/tv4psVy8sr and our team will be in touch.",Tue Oct 31 22:27:09 +0000 2017
uber_3813,Uber_Support,3813,"@115873 ordered a car, took longer than the suggested 6 mins, then you wanted to charge me a £5 cancellation fee. You’re having a bubble bath!",@116639 Here to help! Send us a note here; https://t.co/h840Iouehc and our team will be able to assist!,Tue Oct 31 22:41:13 +0000 2017
uber_3815,Uber_Support,3815,Wtf just happened. @115873 how do i complain abott a driver who canceled on me due to discriminatory and racist judgements.#uber,@116640 We take this very seriously. Please send us a DM with your email address so we can connect ASAP.,Tue Oct 31 22:26:59 +0000 2017
uber_3817,Uber_Support,3817,@115873 I had a horrifying experience with the driver Suresh: 9958520468. he refused to pickup and threaten me cancel the booking or else...,@116641 We see your outreach and a member of our team will be following up via email as soon as possible. We appreciate your patience.,Tue Oct 31 22:21:24 +0000 2017
uber_3819,Uber_Support,3819,@Uber_Support hello! I meant as a user not as an associate!!,"@116642 We're here to help! For more info, visit us at; https://t.co/AUc7vJQ0VM.",Tue Oct 31 22:49:05 +0000 2017
uber_3821,Uber_Support,3821,"@Uber_Support I live in Mexico City, have not received facturas in the last 2 months and need then ASAP for tax report. please help!",@116642 Hi there! Please send us a note via https://t.co/EkibplQL1j so we can assist further.,Tue Oct 31 21:27:55 +0000 2017
uber_4585,Uber_Support,4585,@Uber_Support Already responded. No response. New order is 30minutes late. @116788 would do a better job. Using them from now on. Loyal customer just lost.,@116787 Happy to help! Please confirm your email address or phone number through direct message so we can further assist.,Fri Dec 01 06:26:04 +0000 2017
uber_4587,Uber_Support,4587,@115873 4 tweets and no customer service response. Ridiculous. Absolutely shocking for an “elite” customer service app. No wonder people are streaming to other apps,@116787 Happy to take a look. Send us a DM (direct message) with your email address so we can connect.,Fri Dec 01 06:16:38 +0000 2017
uber_4919,Uber_Support,4919,Having a terrible time getting @115877 to move charges to a correct credit card. 10+ emails deep and have to keep explaining. Help!,@116866 We're here to help! Send us a DM with your email address and more details so we can follow up.,Tue Oct 31 22:39:32 +0000 2017
uber_4921,Uber_Support,4921,So my $12 ride just turned into $387. Really @115873 ??? https://t.co/0mxOCJC81m,@116867 We're here to help! Send us a DM with your email address so we can connect.,Tue Oct 31 22:38:07 +0000 2017
uber_4923,Uber_Support,4923,@Uber_Support how do you add a driver?,@116868 Here to help! Contact us here; https://t.co/lu151EysvX so we can take a closer look.,Tue Oct 31 22:42:15 +0000 2017
uber_4925,Uber_Support,4925,@Uber_Support UR team messed up again lol,@116869 Here to help! Please send us a DM with your email address with details so we can follow up.,Thu Nov 02 02:45:58 +0000 2017
uber_4926,Uber_Support,4926,"@115873 I've been using the service for more than a year and never had any issues, the last week I've been charged for ur drivers mistakes.",@116869 Here to help. Send us a note at https://t.co/1xM0TILvAI so our team can connect.,Tue Oct 31 22:34:36 +0000 2017
uber_5859,Uber_Support,5859,"@115877 you failed me, seriously a burrito and queso when I ordered a salad?! And no request to get this fixed... help me out!",@117111 Here to help! Send us a note at https://t.co/Tq0sPMsSdu so our team can connect.,Tue Oct 31 23:13:19 +0000 2017
uber_5861,Uber_Support,5861,@Uber_Support This is out of date. The site https://t.co/gEBwRjewXQ is no longer online. Found this https://t.co/fvCb7ejJPp but I'm not recieving anything,@117112 We're so sorry about that! Please DM us your email address so we can further assist.,Wed Nov 01 00:51:33 +0000 2017
uber_5862,Uber_Support,5862,@Uber_Support Hi! I have a problem getting my invocie in Mexico (tax-legal facturas). Can you help or do you have a help center for Mexico?,@117112 Find out more info about getting your invoice here: https://t.co/AUc7vJQ0VM,Tue Oct 31 23:04:20 +0000 2017
uber_5865,Uber_Support,5865,I need a hookup with an @115873 promo code. Help a nigga out! #uberpromo #fucklyft #uber,@117113 Here to help! Check out https://t.co/FQNTfKa7k0 for more information on earning free rides.,Tue Oct 31 23:08:20 +0000 2017
uber_5867,Uber_Support,5867,@117115 @115877 just ordered for the first time. Order botched. Driver cant fix. Bayonne McDs wont answer phone. #fail #neveragain,@117114 Sorry to hear about that! Send us a note at https://t.co/qLzKaGQcAg so our team can further assist.,Tue Oct 31 23:07:15 +0000 2017
uber_6968,Uber_Support,6968,"@Uber_Support I don't have any card, so cannot fill the required field. I just want to know if it's a service only for inside USA or not, before purchase.",@117199 Happy to take a closer look! Send us a DM with your email address so we can follow up.,Wed Nov 01 01:03:01 +0000 2017
uber_6969,Uber_Support,6969,@Uber_Support Question! Can we send a Gift Card (maybe digital) out of US? I'm in Panama and want to send a gift card to someone in Panama,@117199 Here to help! Please send us a note at https://t.co/R8Xm8a7StU and we'll be happy to look into this for you.,Tue Oct 31 23:02:50 +0000 2017
uber_6973,Uber_Support,6973,Some of the worst delivery service I have ever received in my life @115877,@117200 We're here to help. Can you please send us a DM so we can connect?,Tue Oct 31 23:24:12 +0000 2017
uber_6976,Uber_Support,6976,@Uber_Support i change my number i need to update and i'm having problems cause in the app don't let me do that even in the site help!!,@117201 Here to help! Send us a note here https://t.co/RY2a0oDSbF so we can further assist.,Tue Oct 31 23:00:57 +0000 2017
uber_6979,Uber_Support,6979,".@Uber_Support Thanks to your AMAZING customer service, you have just lost 2 customers who have spent nearly $1500 this year. GREAT WORK!",@117202 We're here to help! Send us a DM with your email address and more details so we can follow up.,Tue Oct 31 23:12:45 +0000 2017
uber_6981,Uber_Support,6981,@Uber_Support page isn't working...,"@117203 Sorry to hear the trouble, Prashant! Let's get this sorted out via https://t.co/QsI1vsvcif and a member of our team will be in contact.",Wed Nov 01 17:12:56 +0000 2017
uber_6984,Uber_Support,6984,@Uber_Support This is what m getting everytime...Any response to this ? https://t.co/ZgFJCQjRN8,@117203 Sorry to hear about the trouble! We're not seeing any issues on our end. Have you tried clearing your cookies?,Thu Nov 02 16:47:14 +0000 2017
uber_6982,Uber_Support,6982,"WTH !! @115873 Totally unprofessional. First,Cancelled the ride without informing me and Second, charging me for that. 😡😠","@117203 We can definitely take a closer look! Contact us here; https://t.co/593jusCquh , so we can help.",Tue Oct 31 23:06:02 +0000 2017
uber_6987,Uber_Support,6987,"We ordered food on @115877 for 8 hungry neighborhood kids, AND THEY CANCELLED THE ORDER AFTER AN HOUR OF WAITING. R you eff'n kidding me?!",@117204 Here to help. Send us a note at https://t.co/P4hKbfQBbP so our team can connect.,Tue Oct 31 22:57:34 +0000 2017
uber_6989,Uber_Support,6989,@Uber_Support I'm ready 2 file a complaint with Better Business Bureau &amp; FTC over misleading info Uber sent 2 me in an email &amp; overcharging,@117205 We apologize for the trouble! Send us a DM with your email address with additional details and we'll follow up.,Tue Oct 31 23:29:55 +0000 2017
uber_6991,Uber_Support,6991,. @Uber_Support I ORDERED CHIPS AND QUESO AND I GOT NO CHIPS PLEASE HELP,@117206 Here to help! Send us a note at https://t.co/ZFaWy0Lkdu so our team can further assist.,Tue Oct 31 22:52:58 +0000 2017
uber_7016,Uber_Support,7016,"@Uber_Support Hi. I lost my phone in an Uber. App asks me to submit my phone number to make contact,I only had mobile as travelling.",@117215 Happy to help! Please confirm your email address or phone number through direct message so we can further assist.,Fri Dec 01 14:57:15 +0000 2017
uber_8583,Uber_Support,8583,"@Uber_Support just got kicked out of this guy’s car because he didn’t want to drive me home. Insult to injury, you charge me $7. #uberfail https://t.co/pJZuJmyyEj",@117512 We take this very seriously. Please send us a DM with your email address so we can connect ASAP.,Tue Oct 31 23:22:24 +0000 2017
uber_8585,Uber_Support,8585,So how about my goddamned money https://t.co/FIf624cXYJ,@117513 Here to help. Send us a note at https://t.co/1xM0TILvAI so our team can connect.,Tue Oct 31 23:32:44 +0000 2017
uber_8591,Uber_Support,8591,"@Uber_Support Remedy &amp; please refund my $5, that's breakfast money tomorrow, thank you. https://t.co/dT6DYbPZO6","@117514 Hi there, we're here to help! Send us a note via https://t.co/w7r2O6dMbU so our team can connect.",Tue Oct 31 18:34:39 +0000 2017
uber_8593,Uber_Support,8593,@Uber_Support @117516 this was our driver she was so rude and tried to sell us fishplates during our ride. https://t.co/J8OtncW9vI,@117515 Sorry to hear about that! Send us a DM with your email address so we can follow up.,Tue Oct 31 23:17:00 +0000 2017
uber_8595,Uber_Support,8595,@Uber_Support me and my good sis @117516 had an issue with a driver recently...can you please help?,"@117515 Hi there, we're here to help! Send us a note here; https://t.co/z8NNR56eyf so we can assist you with this.",Tue Oct 31 21:50:55 +0000 2017
uber_8598,Uber_Support,8598,@115877 @117518 am I going to get a refund...? https://t.co/67jUGLxYLH,@117517 Find out more info about cancelled order here: https://t.co/BjBRiTu5jM,Tue Oct 31 23:30:13 +0000 2017
uber_8600,Uber_Support,8600,"@Uber_Support I have already use these alternative a few days ago, and haven't had any answer yet :/",@117519 Happy to further assist you. Can you please send us a DM (direct message) with your email address and additional details?,Tue Oct 31 23:56:09 +0000 2017
uber_8604,Uber_Support,8604,@Uber_Support I all ready send the DM,@117519 We appreciate your interest in partnering with us! Head over to https://t.co/ECaQNtAugG to get the sign-up process started.,Wed Nov 01 00:34:46 +0000 2017
uber_8601,Uber_Support,8601,"@Uber_Support were can I receive attention ? Im a restaurant owner in Queretaro, Mexico and I want to work with your apo",@117519 Find out more info about Partnering here: https://t.co/ZwVoSvDV1Z,Tue Oct 31 23:15:20 +0000 2017
uber_8607,Uber_Support,8607,@115873 How about your drivers in London don’t cancel on you after 15 minutes of being ‘on the way’ then charge you anyway. Happened several times.,@117520 We're sorry to hear this was your experience. Contact us via https://t.co/e8HVorX5rh and we'll be in touch.,Tue Oct 31 23:16:55 +0000 2017
uber_8658,Uber_Support,8658,@Uber_Support: Do you have a customer support email?,@117521 Here to help! Connect with us through https://t.co/zUe0dj6yoX and we'll be in touch.,Tue Oct 31 23:18:46 +0000 2017
uber_9307,Uber_Support,9307,"So @Uber_Support your ""support team"" gave me BS ""answers"" and then refused to speak to me. PayPal didn't. Goodbye, @115873! :) Hello, @115879. https://t.co/79MBtmyS1t",@117656 Sorry to hear about the trouble. We just sent you a DM.,Tue Oct 31 23:17:24 +0000 2017
uber_9311,Uber_Support,9311,@117658 @117115 @115877 We don't just want #Convenience!!!! We want you to get our orders correct!!! @117115 @McDonalds #ihatemcdonalds,@117657 Here to help! Please send us a note at https://t.co/1HQv7maoLK and we'll be happy to look into this for you.,Wed Nov 01 00:00:42 +0000 2017
uber_9314,Uber_Support,9314,@115873 1 That makes @115879 better than U! When somebody throws up in a driver's vehicle they remove the rating! Especially if they have to $$$,@117659 Sorry to hear that. We just sent you a DM.,Tue Oct 31 22:23:16 +0000 2017
uber_9316,Uber_Support,9316,Wish I could give Uber drivers 5 stars while simultaneously giving the @Uber_Support app a 0 star rating for giving the wrong directions 🙄,@117660 We can take a look! Send us a note via https://t.co/QDn91HzZV0 so our team can get in touch.,Tue Oct 31 23:37:56 +0000 2017
uber_9318,Uber_Support,9318,@115877 can you bring me a bottle of sparkling rosé?,@117661 Here to help! Send us a note at https://t.co/NcKEnQDmxQ so our team can connect.,Tue Oct 31 23:32:35 +0000 2017
uber_9320,Uber_Support,9320,"@Uber_Support I accidentally picked up the wrong order from my lobby, can you help? I can deliver the food if I have an apt number.",@117662 Here to help! Follow up here; https://t.co/Tq0sPMsSdu and our team will connect right away.,Tue Oct 31 23:37:46 +0000 2017
uber_9322,Uber_Support,9322,@Uber_Support I submitted again through the link you provided me.,@117663 We've followed up via DM!,Tue Oct 31 23:45:37 +0000 2017
uber_9326,Uber_Support,9326,"@Uber_Support when will you update your in app location services for Edmonton, Alberta, Canada? Uber drivers never find our area Maple Crest",@117663 We can take a look! Send us a note via https://t.co/QDn91HzZV0 so our team can get in touch.,Mon Oct 30 06:01:16 +0000 2017
uber_9328,Uber_Support,9328,@115877 My app isn’t working whenever I try to check out.,@117664 We're here to help! Send us a DM with your email address so we can follow up.,Tue Oct 31 23:32:23 +0000 2017
uber_9337,Uber_Support,9337,"@Uber_Support I waited 20 minutes for a ride - driver around the corner the whole time! No $5.00 fee, please.",@117665 Here to help. Send us a note at https://t.co/e8HVorX5rh so our team can connect.,Tue Oct 31 23:36:35 +0000 2017
uber_9339,Uber_Support,9339,@659 @115877 It just doesn’t make sense https://t.co/ULdLAtcea2,@117666 We're sorry to hear this. Please contact us via https://t.co/ZFaWy0Lkdu so our team can connect.,Tue Oct 31 23:26:23 +0000 2017
uber_9851,Uber_Support,9851,@Uber_Support STOP SENDING ME DRIVERS SAYING THEIR 5 MINUTES AWAY WHEN THEY'RE REALLY 20 I HAVE PLACES TO BE!,@117812 We can take a look! Send us a note via https://t.co/e8HVorX5rh so our team can get in touch.,Tue Oct 31 23:50:50 +0000 2017
uber_9853,Uber_Support,9853,"@Uber_Support I've had 10+ emails trying to get UberEats charges moved to a correct card. 3 of 6 moved, getting run around. Help!",@116866 Here to help! Send us a DM with your email address so we can assist.,Tue Oct 31 23:48:05 +0000 2017
uber_9855,Uber_Support,9855,@Uber_Support Pretty sure I detailed what the issue is blatantly. Y’all have no filter whatsoever on the driving skills of who you hire.,@117813 Here to help. A member of our team have followed up via DM.,Wed Nov 01 00:24:06 +0000 2017
uber_9856,Uber_Support,9856,Why is everyone that works for @115873 literally the worst driver on the road at any given time,"@117813 Here to help! Please DM us your email address and provide more details about your concern, so we can further assist.",Tue Oct 31 23:39:59 +0000 2017
uber_9859,Uber_Support,9859,@Uber_Support but i dont register yet thanks to the sms code,@117814 We can definitely take a closer look! Please send us a DM of the email address connected to your account so we can further assist.,Wed Nov 01 00:46:23 +0000 2017
uber_9860,Uber_Support,9860,@Uber_Support today dont works the sms code for registration new account?,@117814 Here to help. Send us a note at https://t.co/dwDjAokZht so our team can connect.,Tue Oct 31 23:46:48 +0000 2017
uber_9863,Uber_Support,9863,@115877 is a joke. Made us wait 50 minutes just to tell us they can't fulfill the order and cancelled it😡,@117815 Here to help! Please send us a note at https://t.co/StKy7B0k57 and we'll be happy to look into this for you.,Tue Oct 31 23:39:01 +0000 2017
uber_10319,Uber_Support,10319,"@115873 @Uber_Support hopeless. Waiting for someone to respond on my request, more than 30 hrs","@117869 Hi, Biplab. A member of our team has been in touch via in-app support regarding this issue. Please check the ""Help"" section of the app and reply there directly.",Wed Nov 22 11:44:07 +0000 2017
uber_10609,Uber_Support,10609,. @Uber_Support two days Ives been trying to us this app. All I want McDonald's breakfast while not having to leave my bed and this is very problematic. https://t.co/4jzMdFbtpx,@117939 We're here to help! Send us a DM with your email address so we can assist.,Fri Dec 01 14:57:30 +0000 2017
uber_10698,Uber_Support,10698,@Uber_Support Thanks - our baby is &lt;12mos and we need our car seat to fly so I was wondering if we can bring our own car seat and install via belt buckle in any UberX to go to the airport,"@117969 Hi there! Yes, you're always welcome to bring your own car seat along for the ride.",Fri Dec 01 14:58:15 +0000 2017
uber_10700,Uber_Support,10700,@Uber_Support can we bring our own carseat in an UberX ride to the airport?,@117969 Here to help! Find out more here on how Uber Car Seat works https://t.co/B7TnOOg1JY,Thu Nov 30 15:13:20 +0000 2017
uber_10702,Uber_Support,10702,@115873 I am still waiting for a response in regards to my account being disabled. Is there a number I can call?,@117970 Sorry to hear about the trouble! We just sent you a DM.,Tue Oct 31 22:40:29 +0000 2017
uber_10706,Uber_Support,10706,Want’s the point of Uber VIP when 4 of my friends that aren’t VIP’s all got 50% deals ? @Uber_Support,@117972 Happy to help! Please reach out to https://t.co/zUe0dj6yoX and fill out the 4 boxes at the bottom so we can get in touch.,Wed Nov 01 00:01:20 +0000 2017
uber_10708,Uber_Support,10708,I had a couple of @115873 drivers show up at my house with that Middle Eastern attire stinking of ME food.,@117973 Here to help! Connect with us through https://t.co/zUe0dj6yoX and we'll be in touch.,Tue Oct 31 23:53:59 +0000 2017
uber_11146,Uber_Support,11146,I need to file a complaint w/ @115873 ASAP! Anyone know of the email address I need???,@118109 Hi there! You may write into https://t.co/zUe0dj6yoX and fill out the 4 boxes at the bottom so we can get in touch.,Wed Nov 01 00:56:18 +0000 2017
uber_11148,Uber_Support,11148,@Uber_Support I have been doing that for the last 50mins no reply,@118110 We see your outreach and a member of our team will be following up via email as soon as possible. We appreciate your patience.,Wed Nov 01 01:01:37 +0000 2017
uber_11149,Uber_Support,11149,Someone from @115873 needs to contact me ASAP or I am reporting there company this is ridiculous,@118110 Here to help! Connect with us through https://t.co/zUe0dj6yoX and we'll be in touch.,Wed Nov 01 00:14:40 +0000 2017
uber_11153,Uber_Support,11153,@Uber_Support How long does it take to get approved as a driver?,@118111 We can take a look! Send us a note via https://t.co/LDXEzScUGp so our team can get in touch.,Wed Nov 01 00:49:31 +0000 2017
uber_11155,Uber_Support,11155,@Uber_Support if I wanted to be an UberEATS driver could I be under someone else’s insurance policy to qualify?,@118111 We’re here to help! Send us a note via https://t.co/uRjsQ64qLY and we'll be in touch.,Sat Oct 28 01:29:03 +0000 2017
uber_11157,Uber_Support,11157,"WHO THE HECK GAVE ME LESS THAN 5 STARS?! I’m a pleasure. @115873, please address and fix. https://t.co/7LzHzpYRpP",@118112 Hi Violetta! Find out more info about how ratings are determined here: https://t.co/kWptmPArTP,Wed Nov 01 00:47:19 +0000 2017
uber_11159,Uber_Support,11159,"What's the point of @115873's split fare feature if it never works, ever? @Uber_Support",@118113 Here to help! Please send us a note at https://t.co/OhfgxSAY58 and we'll be happy to look into this for you.,Wed Nov 01 00:09:03 +0000 2017
uber_11161,Uber_Support,11161,I hope the dumb bitch that stole my wallet in my @115873 pool chokes on a dick and gets a week load of diarrhea!,@118114 Here to help. Send us a note at https://t.co/kUyzFAuBFV so our team can connect.,Wed Nov 01 00:09:39 +0000 2017
uber_11559,Uber_Support,11559,"@Uber_Support thanks, however this is a link to the US Uber details. Is there somebody who can help for Australian drivers?",@118227 We're here to help! Send us a DM with your email address so we can follow up.,Wed Nov 22 12:29:12 +0000 2017
uber_11561,Uber_Support,11561,"@Uber_Support I have been requested to provide my driving record and submit applications for Passenger Transport Licence Code both of which I have obtained. There are however, no links nor upload options neither online or on the app available to upload these documents. How do I?",@118227 Hi there! Please visit; https://t.co/6Wvjulm8iF for more info. Please let us know if you have any other questions or concerns.,Sun Nov 19 10:53:11 +0000 2017
uber_11563,Uber_Support,11563,"@Uber_Support and so your team member did connect with me and suggested I change city in my email subscription settings on my profile page and I sent him a screenshot of my profile page to show how I didn't have the email subscription settings button over there at all. Since then, no replies!!",@118228 We see your outreach and a member of our team will be following up via email as soon as possible. We appreciate your patience.,Wed Nov 22 12:29:20 +0000 2017
uber_11565,Uber_Support,11565,"@Uber_Support I have moved recently from Delhi to Mumbai, India permanently. However, I keep getting SMS/email about offers in Delhi. How can I change that to Mumbai?",@118228 We'll be happy to take a closer look. Send us a note via https://t.co/zUe0dj6yoX so our team can connect.,Mon Nov 20 07:27:54 +0000 2017
uber_11669,Uber_Support,11669,@Uber_Support got this message few hours back. then hour later asked me if my account was working. I said no then the blocked me. https://t.co/uGQtHhWKGi,@118253 We've responded to your DM.,Tue Oct 31 23:49:34 +0000 2017
uber_11677,Uber_Support,11677,@115873 I have left my key in a taxi and need to get it back,@118255 Here to help! Send us a note here; https://t.co/rOtqyWzf0B and our team will be able to assist!,Wed Nov 01 00:22:03 +0000 2017
uber_11679,Uber_Support,11679,@115873 are a joke mate. Honestly trying to charge me £30 for a taxi to Mint when 10 mins ago it was £8? Sly bastards,@118256 Here to help! Send us a note here; https://t.co/oEOANqFpjc and our team will be able to assist!,Wed Nov 01 00:16:19 +0000 2017
uber_11681,Uber_Support,11681,@821 why do i have Uber Navigator Help charges to my account #Canada #unknowncharges #irritated,@118257 We can definitely follow up! Send us a note here: https://t.co/dInR3racif so our team can connect.,Wed Nov 01 00:16:08 +0000 2017
uber_11683,Uber_Support,11683,@Uber_Support Hi I do not understand how I am suppose to generate my bill for the rides I've got.,@118258 Happy to help! Find out more info about trip earnings here; https://t.co/DeK1HDLSrG,Wed Nov 01 00:14:23 +0000 2017
uber_11685,Uber_Support,11685,@Uber_Support my ubereats promo code isn't working for others,@118259 Here to help! Send us a DM with your email address with more info so we can assist.,Wed Nov 01 00:14:39 +0000 2017
uber_12026,Uber_Support,12026,Can @115877 get me that pollo regio tho!🤔🤔🤔,@118367 Here to help. Send us a note at https://t.co/NcKEnQDmxQ so our team can connect.,Wed Nov 01 00:41:34 +0000 2017
uber_12029,Uber_Support,12029,Think I'll start using @115879 more. @115873 drivers canceled on me three times left me waiting for nearly an hour.,"@118368 We can definitely take a closer look! Contact us here; https://t.co/593jusCquh , so we can help.",Wed Nov 01 00:44:36 +0000 2017
uber_12031,Uber_Support,12031,@Uber_Support Just signed up thru ShopYourWay. Supposed to get promo for 1st ride free and $5 back in SYW points. No code sent?,@118370 Happy to help! Please reach out to https://t.co/zUe0dj6yoX and fill out the 4 boxes at the bottom so we can get in touch.,Wed Nov 01 00:39:09 +0000 2017
uber_12033,Uber_Support,12033,"@Uber_Support Right, I understand. What I don’t understand is how my score went from a 5 to 4.82 after one trip when I didn’t do anything during my ride","@118371 Your rating is a average of recent trips. Try not to worry, your rating will go up with future positive rides!",Wed Nov 01 01:31:15 +0000 2017
uber_12034,Uber_Support,12034,Just saw that my @115873 rating went down and I AM PISSED.,@118371 Find out more info about how are ratings determined here: https://t.co/kWptmPiR2h,Wed Nov 01 00:36:41 +0000 2017
uber_12615,Uber_Support,12615,Disabled @115873 customers deserve better and equal access to rides as able bodied customers. I’m tired of being left out in the cold (contd.),@118522 Happy to help! Please send us a DM of the email address connected to your account and more details so we can further assist.,Wed Nov 01 00:59:02 +0000 2017
uber_12617,Uber_Support,12617,@115873 @Uber_Support @118524 @390 So.. which one is right? Always auto message and not answering if they don't want to.Are they LOYAL? https://t.co/aPZB0npR6s,"@118523 Hello, Tae! Thanks for your patience. Please check your DM for our reply.",Tue Oct 31 23:30:40 +0000 2017
uber_12619,Uber_Support,12619,@Uber_Support I did but can you provide the items I asked about? The document spelling out what you can't have is not able to readily found.,@118525 Here to help! Send us a DM with your email address so we can assist.,Wed Nov 01 00:57:48 +0000 2017
uber_12621,Uber_Support,12621,@Uber_Support can you guys make the list of things that stop you from becoming a driver public? It's suspect that it can't be found simply,@118525 We're here to help! Please write in at https://t.co/FF2YGTGjuA and we'll be happy to look into it for you!,Tue Oct 31 17:31:10 +0000 2017
uber_12623,Uber_Support,12623,Is there an UberEats for candy delivery?,@118526 Here to help! Contact us here; https://t.co/NcKEnQDmxQ so we can take a closer look.,Wed Nov 01 00:49:38 +0000 2017
uber_12625,Uber_Support,12625,Hello @115873 my driver is endangering my life with his costume https://t.co/R3AG4SMdt9,@118527 We take this very seriously. Please contact us via https://t.co/fS660rQ8NQ so we can follow up.,Wed Nov 01 00:52:03 +0000 2017
uber_12627,Uber_Support,12627,"@Uber_Support Ordered chicken nuggets and got this. Seems right! But hey, at least you’ll look in to it in 24 hours. https://t.co/KxtHua7F7u",@118528 We're here to help! Send us a DM with your email address so we can connect.,Wed Nov 01 01:23:38 +0000 2017
uber_12630,Uber_Support,12630,@115877 My 1st experience was NOT GOOD. All dishes poor. #cantonchilli #jumboshrimpswithspicypepper Pic when I opened the lid $16.95 https://t.co/7mMPOpz6z2,@118529 Here to help. Send us a note at https://t.co/OWBkgXcbMl so our team can connect.,Wed Nov 01 00:49:02 +0000 2017
uber_13228,Uber_Support,13228,@Uber_Support Riders shouldn't have to have legally changed their names just to be addressed correctly by their Uber drivers,@118726 A member of our team will be in touch via in app support soon.,Tue Oct 31 23:56:17 +0000 2017
uber_13231,Uber_Support,13231,@115877 i hate when my order is canceled after an hour of waiting,@118727 Here to help! Check out https://t.co/BjBRiTu5jM for more information.,Wed Nov 01 01:03:12 +0000 2017
uber_13233,Uber_Support,13233,@115877 again. I have 14.92 in my balance I am trying to place an order for 13 and it says that cannot verify payment profile,@118728 Here to help! Send us a note at https://t.co/nNTmqKFfZd so our team can connect.,Wed Nov 01 01:02:54 +0000 2017
uber_13235,Uber_Support,13235,"@118730 @uber_support 1/2 guys, your uber eats customer service is garbage. I ordered something by mistake, tried to cancel it to no",@118729 We're here to help. Can you please send us a DM with your email address so we can connect?,Wed Nov 01 01:03:00 +0000 2017
uber_13593,Uber_Support,13593,"@Uber_Support on 10/29, my bank statement shows I was charged $23 for a trip that does not show up in the uber app and that I didn’t take.",@118838 Here to help. Send us a note at https://t.co/dInR3racif so our team can connect.,Wed Nov 01 01:07:12 +0000 2017
uber_13596,Uber_Support,13596,"@Uber_Support had a problem with my food on uber eats tonight, called the restaurant, and they said they don't deal with it, has to be you?","@118839 Happy to help, Lisa! Sign in and visit us at https://t.co/NO9xtGf78k so our team can jump in and help out.",Wed Nov 01 00:08:41 +0000 2017
uber_13598,Uber_Support,13598,@115873 ! Fix yo damn algorithms! This can’t be right... https://t.co/F9rEqmW1rV,@118840 Here to help. Send us a note at https://t.co/zUe0dj6yoX so our team can connect.,Wed Nov 01 01:03:51 +0000 2017
uber_13601,Uber_Support,13601,Hey @AskLyft and @Uber_Support your drivers are absolutely terrible around cyclists and pedestrians - plz provide training! #vulnerable,@118841 We can take a look! Send us a note via https://t.co/fS660rQ8NQ so our team can get in touch.,Wed Nov 01 01:05:13 +0000 2017
uber_13958,Uber_Support,13958,@116273 needs to get on @115877 ASAP!!!!! I want a chicken gumbo 😫😫,@118937 We're here to help. Can you please send us a DM so we can connect?,Wed Nov 01 01:24:07 +0000 2017
uber_13960,Uber_Support,13960,@115873 First from 2 destination rides to 6 but now back to 2 again? And during rush hour I can't even use that? What are you doing Uber??,@118938 We're sorry to hear about the trouble. Could you please DM us your account email and the details of your issue?,Wed Nov 01 01:12:44 +0000 2017
uber_13962,Uber_Support,13962,@115877 never got my food from Travis. Absolute bullshit. Never ordering again.,@118939 Here to help! Contact us here; https://t.co/oKhNTOteP5 so we can take a closer look.,Wed Nov 01 01:20:45 +0000 2017
uber_13964,Uber_Support,13964,@Uber_Support Gave him a $20 bill to cash tip him and he drove off without giving change,@118940 Can you please DM us specific details of your concern so that we can properly follow up.,Wed Nov 01 02:28:30 +0000 2017
uber_13967,Uber_Support,13967,@Uber_Support Thought I made it explicit. Paid twice for my trip . Dude took off with my cash . No more cash tips . Your drivers lose,"@118940 To best address your concern, please visit https://t.co/z8NNR56eyf and 'Sign in to get help' to send us a note.",Wed Nov 01 02:43:54 +0000 2017
uber_13965,Uber_Support,13965,@115873? It advertised as $12 and some change . It charged $17 and change ... What’s with that?,@118940 Can you please provide additional details so we can follow up? Thanks!,Wed Nov 01 00:57:48 +0000 2017
uber_13971,Uber_Support,13971,@Uber_Support My boyfriend doesn’t refer anyone . He automatically gets them applied to his account .....,@118941 Hello! Thanks for your patience. Please check your DM for our reply.,Wed Nov 01 05:07:28 +0000 2017
uber_13972,Uber_Support,13972,@Uber_Support why do I never receive promos !!!!!!!!,"@118941 Hi, Brittany. You can always share your referral code with friends so you can rack up free rides when they sign up!",Wed Nov 01 00:48:00 +0000 2017
uber_13975,Uber_Support,13975,I’m sick of fuckin Uber they still have yet to credit my account like the fuck they said and this ain’t the first time @115873,@118942 We apologize for the trouble! Send us a DM with your email address with additional details and we'll connect.,Wed Nov 01 01:19:05 +0000 2017
uber_13977,Uber_Support,13977,I need @115877 but for trick or treating,@118943 We're here to help. Can you please send us a DM and more info so we can connect?,Wed Nov 01 01:15:34 +0000 2017
uber_13979,Uber_Support,13979,"@Uber_Support Hey - your greenlight rep at Metairie @115714 store had me waiting almost an hour only to not be available. No decal, no information.","@118944 Sorry to hear this, will you please DM us with your email address associated with your account and more details? We'll look into it.",Wed Nov 01 22:27:19 +0000 2017
uber_13980,Uber_Support,13980,Q: Is an @115877 car decal needed to start delivering / earning?,@118944 Here to help. Send us a note at https://t.co/jjOMGmmMC9 so our team can connect.,Wed Nov 01 01:09:13 +0000 2017
uber_13984,Uber_Support,13984,@Uber_Support How can I get a refund for food that I don't like?,@118945 Here to help. Send us a note at https://t.co/OWBkgXcbMl so our team can connect.,Wed Nov 01 01:16:29 +0000 2017
uber_13986,Uber_Support,13986,UBER EATS IS THE WORST. DO NOT USE. @Uber_Support #UBER,@118946 We're here to help! Send us a DM with your email address and more details so we can follow up.,Wed Nov 01 01:08:57 +0000 2017
uber_13988,Uber_Support,13988,@118948 SO DID UBEREATS,@118947 We're sorry to hear this. Can you please send us a DM so we can look into this?,Wed Nov 01 01:16:41 +0000 2017
uber_14339,Uber_Support,14339,Sometimes I can’t tell if my @115873 app is messing up or if my driver likes to make me wait longer by doing donuts on the way to get me,@119057 Here to help! Please reach out to https://t.co/zUe0dj6yoX and fill out the 4 boxes at the bottom so we can get in touch.,Wed Nov 01 01:31:40 +0000 2017
uber_14341,Uber_Support,14341,"@Uber_Support is there a way to see what my original “trip request” was? Not map of the actual ride on receipt, but the Original Request?",@119058 Find out more info about Getting trip receipt here: https://t.co/mHNQLPUf5T,Wed Nov 01 01:46:01 +0000 2017
uber_14343,Uber_Support,14343,@Uber_Support I want to change my number,@119059 We're here to help! Send us a DM with your email address so we can connect.,Wed Nov 01 01:45:31 +0000 2017
uber_14345,Uber_Support,14345,@115873 You need to vet your drivers its criminal.,@119060 Happy to help! Please reach out to https://t.co/zUe0dj6yoX and fill out the 4 boxes at the bottom so we can get in touch.,Wed Nov 01 01:33:05 +0000 2017
uber_14347,Uber_Support,14347,@Uber_Support Why I am being charged $5? I put the correct address and the driver got mixed up. Now I get the cancellation charge?,@119061 Here to help. Send us a note at https://t.co/h840Iouehc so our team can connect.,Wed Nov 01 01:35:45 +0000 2017
uber_14349,Uber_Support,14349,@115873 @Uber_Support account-shubz Dharewa. Driver has CNG kit n I am not able to load my luggage. I am cancelling then u r charging. Unfair😒,@119062 We'll be happy to help! Send us a note via https://t.co/h840Iouehc so our team can connect.,Wed Nov 01 02:22:42 +0000 2017
uber_14351,Uber_Support,14351,@Uber_Support my joining discount was not applied to my first order. Also how do I find my personal code?,@119063 We're so sorry for the trouble. Send us a note via https://t.co/lqVgKo4ZO3 so we can assist.,Wed Nov 01 01:28:03 +0000 2017
uber_14353,Uber_Support,14353,@Uber_Support Over 90 minutes with no response to missing items with my eats delivery. Do you even have support? I feel like the name lies,@119064 Here to help. Send us a note at https://t.co/ZFaWy0Lkdu so our team can connect.,Wed Nov 01 01:27:40 +0000 2017
uber_14356,Uber_Support,14356,@115877 What the hell kind of service are you running? Surely you shouldn’t accept an order if there are no riders available? 1 hr wait https://t.co/gsNAiYfwR1,@119065 Here to help. Send us a note at https://t.co/aZ6Ktyb1LN so our team can connect.,Wed Nov 01 01:25:31 +0000 2017
uber_14635,Uber_Support,14635,.@Uber_Support Its been 6 days you guys promised to give me the Uber Credits.. But I can't see any credits in my Account ..plzz see to it,@119136 We're here to help! Send us a DM with your email address so we can follow up.,Fri Dec 01 15:19:09 +0000 2017
uber_14873,Uber_Support,14873,@Uber_Support please read my DM for i need to get up and running as fast a possible. Thank you,@119220 Here to help! Send us a note here; https://t.co/dwDjAokZht and our team will be able to assist!,Wed Nov 01 02:04:23 +0000 2017
uber_14875,Uber_Support,14875,"@115877 before he finally delivered my food, cold, of course, ffs",@119221 We're so sorry for the trouble. Send us a note via https://t.co/qLzKaGQcAg so we can assist.,Wed Nov 01 02:04:30 +0000 2017
uber_14881,Uber_Support,14881,@Uber_Support I just did thanks,@119222 Our team has recently responded via email. Please reply there if you have additional questions!,Wed Nov 01 03:01:41 +0000 2017
uber_14884,Uber_Support,14884,@Uber_Support Yes and they were absolutely NO help.That is why I came to twitter! U said u are here to help and yet keep passing the buck. No CS loyalty,@119222 Sorry to hear about the trouble! We're looking into this and a member of our team will follow up with you soon. Thanks for your patience.,Wed Nov 01 04:15:14 +0000 2017
uber_14882,Uber_Support,14882,@Uber_Support Ur in app support refuses to acknowledge promise made by phone CS rep for refund. U used to have stellar CS. Now the worst.,@119222 We're here to help! Send us a DM with your account email address and we'll be in touch.,Wed Nov 01 02:00:50 +0000 2017
uber_14887,Uber_Support,14887,My @115873 cancelled because he got lost in the parking lot somehow. Too cold for this tonight,@119223 Here to help. Send us a note at https://t.co/e8HVorX5rh so our team can connect.,Wed Nov 01 02:50:08 +0000 2017
uber_14889,Uber_Support,14889,Can't request an address at a mall anymore so i have to call every driver to meet me at the other side or walk. Will there be a fix? @115873,"@119224 Here to help! Send us a note here, https://t.co/u3MyknJaaN and our team will follow up.",Wed Nov 01 01:52:08 +0000 2017
uber_12628,Uber_Support,12628,@Uber_Support I did about 30 minutes ago. Have not heard anything or any response. I’ll just contest through my credit card.,@118528 Our team is reviewing your email from __email__' and will be in touch. We appreciate your patience!,Wed Nov 01 02:08:52 +0000 2017
uber_14892,Uber_Support,14892,@Uber_Support This is how u torture drivers w this carrot on a stick this is for deliveries Only!u have to turn off rides t accomplish this https://t.co/FZoJD2YZjX,@119225 Here to help! Please send us a note at https://t.co/F7yFN7gC20 and we'll be happy to look into this for you.,Wed Nov 01 02:00:34 +0000 2017
uber_14894,Uber_Support,14894,@Uber_Support @AskAmex Your app is really broken. I have tried to use my $15 Amex credit two times and it keeps charging my CC,"@119226 Here to help! Find out more about Amex, and send us a note here, https://t.co/sU5UkUGOmP and our team will follow up.",Wed Nov 01 01:38:01 +0000 2017
uber_15266,Uber_Support,15266,when ya uber smells like weed,@119349 We absolutely want to follow up right away. Please send us a DM with your email address so we can connect.,Wed Nov 01 02:36:26 +0000 2017
uber_15326,Uber_Support,15326,"@115877 @115873 So to conclude this hangry rant, the avocado on my order had browned by the time it got here from 4 blocks away after a 1 hour drive.",@119366 Sorry to hear about this! Send us a DM with your email address so we can connect.,Wed Nov 01 02:20:24 +0000 2017
uber_15332,Uber_Support,15332,Hey @115873 ! I have this great new idea to rebrand #uberpool. Just call it “Uber 5X” Same great trips now with five times the hassle,@119367 We can take a look! Send us a note via https://t.co/QDn91HzZV0 so our team can get in touch.,Wed Nov 01 02:13:39 +0000 2017
uber_15334,Uber_Support,15334,@Uber_Support @115873 @AskLyft @115879 Your driver was thee most unprofessional driver I have ever had. DM me for details. https://t.co/RY59CxcFYq,@119368 We can definitely take a look! Send us a DM with your email address and details so we can follow up.,Wed Nov 01 02:10:28 +0000 2017
uber_15337,Uber_Support,15337,"@115873 VERY unhappy with @115873 customer service. I've been incorrectly charged on personal trips after attempting to use credits/points that I have on file. I've opened customer complaints but responses are unhelpful and issue not resolved, totaling over $150 of incorrect charges",@119369 Happy to further assist you. Can you please send us a DM (direct message) with your email address and additional details?,Wed Nov 01 02:09:49 +0000 2017
uber_15340,Uber_Support,15340,"@115877 It would be awesome of the Driver app didn't allow things like that, maybe prevent multiple deliveries if &gt; 2 miles apart or something.",@119370 Here to help. Send us a note at https://t.co/aZ6Ktyb1LN so our team can connect.,Wed Nov 01 02:47:31 +0000 2017
uber_15344,Uber_Support,15344,@115873 @115879 is there a way to check peak riding hours to avoid surge pricing?,@119371 Best way to check is to view the estimated fare in your app. Find out more here: https://t.co/QRLZIgZDSB.,Wed Nov 01 02:09:16 +0000 2017
uber_14354,Uber_Support,14354,"@Uber_Support So just a bot or didn't actually read the tweet? I didn't think I could be more disappointed in your ""support""",@119064 So sorry to hear this. Please send us a DM with your email address so we can help.,Wed Nov 01 03:03:20 +0000 2017
uber_16128,Uber_Support,16128,"@115877 Hey there, I want like 5 sausage McMuffins. However, no restaurants show up on your app. Tryna help me out here? https://t.co/Sr2qZvJWlL",@119537 We're here to help! Send us a DM with your email address and more details so we can follow up.,Wed Nov 01 03:08:35 +0000 2017
uber_16130,Uber_Support,16130,@Uber_Support I did unfortunately no reply two days already,@119538 We're here to help! Send us a DM with your email address so we can follow up.,Wed Nov 01 03:09:12 +0000 2017
uber_16132,Uber_Support,16132,@115873 Received an email for $4 off in NY Is this valid to all five Boroughs. Extremely unfriendly help menu wasn't able to email Uber,@119538 Hi there! Please reach out to https://t.co/zUe0dj6yoX and fill out the 4 boxes at the bottom so we can get in touch.,Mon Oct 30 15:36:35 +0000 2017
uber_16134,Uber_Support,16134,*taxi is 3 minutes away 15 mins later still no change @115873,@119539 We can take a look! Send us a note via https://t.co/e8HVorX5rh so our team can get in touch.,Wed Nov 01 03:05:02 +0000 2017
uber_16136,Uber_Support,16136,@115873 I changed my cellphone number and now can not log in on my app and it won’t let me change it online! Help!!!!,@119540 Here to help. Send us a note at https://t.co/RY2a0oDSbF our team can connect.,Wed Nov 01 03:03:07 +0000 2017
uber_16138,Uber_Support,16138,@115873 I better not have been charged for the trip that my driver didn’t show up for!,@119541 Sorry to hear about that! Can you please contact us via https://t.co/1xM0TILvAI so our team can connect.,Wed Nov 01 03:04:45 +0000 2017
uber_16140,Uber_Support,16140,"@Uber_Support good night, I can not change the phone number of my account",@119542 Here to help. Send us a note at https://t.co/RY2a0oDSbF so our team can connect.,Wed Nov 01 02:58:32 +0000 2017
uber_16142,Uber_Support,16142,@Uber_Support why is there no option to explain: “problem with cancellation fee: MY DRIVER DID NOT SPEAK A WORD OF ENGLISH!”,@119543 We can take a look! Send us a note via https://t.co/fS660rQ8NQ so our team can get in touch.,Wed Nov 01 02:55:28 +0000 2017
uber_16144,Uber_Support,16144,"@Uber_Support Buying a 2nd hand car in QLD, Australia - want to know whether its been used as an Uber, how can I tell? Thanks",@119544 Happy to help! Please reach out to https://t.co/FF2YGTGjuA so we can get in touch.,Wed Nov 01 02:45:21 +0000 2017
uber_16146,Uber_Support,16146,Don't buy @115873 gift cards!!!! It's a scam!!! You use your GC# then it never shows in your account and charges your CC! #uberscam,@119545 Here to help! Send us a note here https://t.co/R8Xm8aptls so we can further assist.,Wed Nov 01 02:39:26 +0000 2017
uber_16149,Uber_Support,16149,1 star ✨ to my @115873 driver who refused to take me to the @McDonalds drive thru.,@119546 We're so sorry for the trouble. Send us a note via https://t.co/iOszeeHZhQ so we can assist.,Wed Nov 01 02:39:47 +0000 2017
uber_16153,Uber_Support,16153,@115877 why doesn’t your receipt tell me how I’m paying? I placed an order but wasn’t asked how to pay &amp; your help section isn’t helpful https://t.co/TIXHWugXJq,@119547 We're here to help! Send us a DM with your email address and more details so we can follow up.,Wed Nov 01 02:38:09 +0000 2017
uber_16155,Uber_Support,16155,@119549 @Uber_Support Pls help,@119548 Here to help! Connect with us through https://t.co/zUe0dj6yoX and we'll be in touch.,Wed Nov 01 02:37:42 +0000 2017
uber_16481,Uber_Support,16481,@Uber_Support need to recover my account whose password I've lost. I've not added any email address.,@119630 We can take a look! Send us a note via https://t.co/Md7v036OoC so our team can get in touch.,Wed Nov 01 03:41:08 +0000 2017
uber_16483,Uber_Support,16483,"@Uber_Support You've literally taken $50 worth from me at least for being ""late"" .... late being 2 minutes after I come outside",@119631 Happy to further assist you. Can you please send us a DM (direct message) with your email address and additional details?,Wed Nov 01 04:08:40 +0000 2017
uber_16484,Uber_Support,16484,@115873 is the fuckin shittiest app that exists. I have ordered 5 Uber's tonight and they have all ignored my trip and charged me $5. Fuck you,@119631 Here to help! Please send us a note at https://t.co/lyqXfbVdYK and we'll be happy to look into this for you.,Wed Nov 01 03:53:34 +0000 2017
uber_16488,Uber_Support,16488,"@115873 fuck you, I tried downloading your app and the first thing that came up was to be a driver",@119632 Find out more info about downloading the app here: https://t.co/RDPoEKwuSG,Wed Nov 01 03:31:22 +0000 2017
uber_16490,Uber_Support,16490,@Uber_Support hi I want to change my phone number but I can’t do it,@119633 We’re here to help! Send us a note via https://t.co/RY2a0oDSbF and we'll be in touch.,Wed Nov 01 03:35:58 +0000 2017
uber_16492,Uber_Support,16492,Hey @115873 when were you planning to inform me you were taking almost 60% of my ride?!? When did you buy my car ?!? Time to #BoycottUber https://t.co/KU8U5De9Cg,@119634 Here to help. Send us a note at https://t.co/EkibplQL1j so our team can connect.,Wed Nov 01 03:33:02 +0000 2017
uber_16494,Uber_Support,16494,@Uber_Support you wanted to charge me 9.98 usd extra because traffic was busy ($15 Uber fees for a $17 meal) I made it myself in 9 min...,@119635 We're here to assist. Please send us a DM of your email address so we can look into this with you.,Wed Nov 01 03:48:12 +0000 2017
uber_16496,Uber_Support,16496,I’m so pissed off at @115873 right now. How the hell yall lock someone’s account while they’re at the airport trying to get a mf ride,@119636 Sorry to hear this was your experience. Contact us via https://t.co/Md7v036OoC so our team can connect.,Wed Nov 01 03:29:46 +0000 2017
uber_16498,Uber_Support,16498,"To the @115873 driver with this plate who, while backing up, scraped my car, then told me to F off and said “im Uber!” Leaving scene= bad idea https://t.co/bOLfeGefxq",@119637 Happy to further assist you. Can you please send us a DM (direct message) with your email address and additional details?,Wed Nov 01 03:26:18 +0000 2017
uber_16500,Uber_Support,16500,"@Uber_Support Hi UBER, I can't use to login and booking for my trip, is really important to me RIDE UBER",@119638 We can definitely take a closer look! Contact us here: https://t.co/Md7v036OoC so we can help.,Wed Nov 01 03:24:19 +0000 2017
uber_16899,Uber_Support,16899,Your drivers having extremely awful body odour is an actual problem @Uber_Support,@119707 Here to help. Send us a note at https://t.co/fS660rQ8NQ so our team can connect.,Wed Nov 01 04:08:27 +0000 2017
uber_16901,Uber_Support,16901,"@115873 I've contacted you for a week about you saying my numbers In use. Almost got raped. Waiting, calling, emailing. Reimburse my cab",@119708 We're here to help! Send us a DM with your email address so we can follow up.,Wed Nov 01 03:58:50 +0000 2017
uber_16904,Uber_Support,16904,@Uber_Support No mail :),@119709 We've responded to you via DM.,Wed Nov 01 04:14:39 +0000 2017
uber_16905,Uber_Support,16905,@Uber_Support No courtesy to revert ? #UberMoments #uber,@119709 It seems a member of our team has reached out to you. Please check your email and follow up with them there.,Wed Nov 01 03:59:42 +0000 2017
uber_16908,Uber_Support,16908,Can you order reiki on uber eats? Asking for a friend,@119710 Here to help! Send us a note at https://t.co/NcKEnQDmxQ so our team can connect.,Wed Nov 01 03:02:34 +0000 2017
uber_16910,Uber_Support,16910,@Uber_Support you don't say if drivers are receiving award wages.,@119711 Happy to help answer your question! Sign in and visit us at https://t.co/wLKQOAMWCk so our team can follow up.,Wed Nov 01 08:57:57 +0000 2017
uber_16911,Uber_Support,16911,@115877 What are the delivery people bring paid?,"@119711 We deliver the food you want, from the restaurants you love, at Uber speed. Learn more at https://t.co/6rZp3XyWol",Wed Nov 01 03:56:56 +0000 2017
uber_16916,Uber_Support,16916,@115873 @Uber_Support your #Pool analytics are pathetic. #Poorproduct,@119712 We'll be happy to take a closer look. Send us a note via https://t.co/QDn91HzZV0 so our team can connect.,Wed Nov 01 04:05:18 +0000 2017
uber_16919,Uber_Support,16919,@115873 I had booked an uber but it was not in condition to go anywhere. I asked the driver to cancel the ride but he is roaming around the city . He doesn't even bother to pickup my phone https://t.co/qRypzuHzQH,@119713 Here to help! Please send us a note at https://t.co/e8HVorX5rh and we'll be happy to look into this for you.,Wed Nov 01 03:50:49 +0000 2017
uber_16921,Uber_Support,16921,@Uber_Support @119715 CAN YOU ANSWER MY MESSAGE,@119714 Here to help. Send us a note at https://t.co/e8HVorX5rh so our team can connect.,Wed Nov 01 03:59:40 +0000 2017
uber_16923,Uber_Support,16923,"@Uber_Support IDK what in God's name is going on with your app that it has frozen on me n cxld my ride, rerouted me2-5 diff wrong addresses?","@119715 Sometimes the Uber system is faulty and your application may not be working properly. To troubleshoot, visit: https://t.co/zZ6Y806fuk",Wed Nov 01 03:35:06 +0000 2017
uber_16925,Uber_Support,16925,"@Uber_Support My uber app doesn't accept payment via PayTM, please fix this issue. https://t.co/fDRJv2z9bq",@119716 Here to help! Contact us here; https://t.co/yqIhbGRNqi so we can take a closer look.,Wed Nov 01 03:45:36 +0000 2017
uber_16928,Uber_Support,16928,"@115873 Furious. You have let me down twice tonight with useless drivers leaving letting me, a women on her own down, incredibly disappointed.",@119717 We can take a look! Send us a note via https://t.co/fS660rQ8NQ so our team can get in touch.,Wed Nov 01 03:45:07 +0000 2017
uber_16931,Uber_Support,16931,".@119720 this driver called as soon as he was booked to ask me where I was going. I told him I put it in the app. He then YELLED ""Where are you going?"" I repeated my answer and he hung up on me. That was six minutes ago and he hasn't moved since. #waitinggame #IAD https://t.co/pMyyYZaWyo",@119718 Here to help. Send us a note at https://t.co/e8HVorX5rh so our team can connect.,Wed Nov 01 03:45:33 +0000 2017
uber_16933,Uber_Support,16933,My Uber driver ran two ref lights and is listening to talk radio,@119721 We take this very seriously. Please send us a direct message with your email address so we can connect ASAP.,Wed Nov 01 02:51:51 +0000 2017
uber_16935,Uber_Support,16935,@Uber_Support I then see him ignoring my calls! I cancel ride &amp; I get charged £5! Unbelievable! I nearly missed my train to airport because of this! 2/2,@119722 Sorry to hear about that! Please contact us via https://t.co/h840Iouehc so our team can further assist.,Wed Nov 01 03:53:20 +0000 2017
uber_17269,Uber_Support,17269,"After entering a destination&amp;getting a calculated fare,imagine my surprise when I was charged 100% MORE than that.Will never use @115873 again",@119800 Here to help! Please send us a DM with your email address and more details about this fare so our team can connect.,Wed Nov 01 04:22:21 +0000 2017
uber_17274,Uber_Support,17274,@115873 Can you create a demo mode in the app or on web so that we can teach our parents &amp; elderly how to request a ride for themselves.,@119802 Here to help! Please reach out to https://t.co/QDn91HzZV0 and fill out the 4 boxes at the bottom so we can get in touch.,Wed Nov 01 04:25:52 +0000 2017
uber_17277,Uber_Support,17277,"Lost my phone in Uber. Driver who assured me of giving back does not pick my calls. Uber says keep trying, we won't do much @Uber_Support",@119803 We've followed up via DM!,Wed Nov 01 03:44:42 +0000 2017
uber_17281,Uber_Support,17281,Some epic shit from @115873 Driver cancelled but you'll be charged cancellation anyway. Ugh. Have some shame. https://t.co/C0pW5hN45L,@119805 Here to help. Send us a note at https://t.co/e8HVorX5rh so our team can connect.,Wed Nov 01 04:20:21 +0000 2017
uber_17283,Uber_Support,17283,"At this rate, my food will be cold when it arrive! @115873 @115877 And I ordered noodles with soup. URGH! 😡 https://t.co/0HPP2B9KGW",@119806 Here to help! Send us a note here https://t.co/ptj11JUNYu so we can further assist.,Wed Nov 01 04:10:24 +0000 2017
uber_17285,Uber_Support,17285,@115873 still outside in the cold waiting after 24 minutes. I’m trying to give y’all the benefit of the doubt. But y’all won’t let me cancel,"@119807 Sorry for the trouble! Send us a note here, https://t.co/593jusCquh, and our team will follow up.",Wed Nov 01 04:18:21 +0000 2017
uber_17288,Uber_Support,17288,A drunk driver just demolished my @115873 ... #HappyBirthday,@119808 We hope everyone is ok. Please DM us your email address and additional details so we can follow up immediately.,Wed Nov 01 04:10:33 +0000 2017
uber_17690,Uber_Support,17690,@Uber_Support Not happy with @115873 in disabling my 2 daughters uber account that was on my family account.,@119910 We've received your DM and a member of our team has reached out. Please review your messages for our response.,Wed Nov 01 06:05:50 +0000 2017
uber_17691,Uber_Support,17691,@Uber_Support Still having issues with the Family account...see my DM,@119910 Thank you for reaching out. We've received your DMs and will be following up shortly.,Wed Nov 01 04:48:49 +0000 2017
uber_17694,Uber_Support,17694,@119912 @Uber_Support What the? What the? I didn’t know that. Is this also on iOS?,@119911 Here to help! Connect with us through https://t.co/zUe0dj6yoX and we'll be in touch.,Wed Nov 01 04:47:13 +0000 2017
uber_17698,Uber_Support,17698,@119911 @115873 Silently they will get into our phone and turn on microphone whenever they want to listen.,@119912 So sorry about the trouble! Please send us a DM with your email address and more details so we can connect.,Tue Oct 31 12:16:16 +0000 2017
uber_17701,Uber_Support,17701,@Uber_Support I changd my country in Uber profile to CA. I stil keep getin bombarded with promotions from India. Shall I create new account?,@119913 Hi there! Please reach out to https://t.co/SjsQQ8ofRq and fill out the boxes at the bottom so we can get in touch.,Wed Nov 01 04:48:12 +0000 2017
uber_17703,Uber_Support,17703,@Uber_Support I am not able to get service in my region while my brothers app is wrking jst f9. Booking from BLR,@119914 Here to help! Send us a note at https://t.co/xMxswVLBKT so our team can connect right away.,Wed Nov 01 04:47:50 +0000 2017
uber_17706,Uber_Support,17706,@Uber_Support I need your help. I have an unauthorized charge on my card from your company. Please help,"@119915 Here to help! Send us a note here, https://t.co/dInR3racif, and our team will follow up.",Wed Nov 01 04:42:51 +0000 2017
uber_17931,Uber_Support,17931,"ShareService, OLA is awesome but UBER is worst, waist, Fu*** @1142 @1143 @115873 @Uber_Support @119977 @1144 @1145",@119976 Here to help! Connect with us through https://t.co/zUe0dj6yoX and we'll be in touch.,Wed Nov 01 04:59:09 +0000 2017
uber_17935,Uber_Support,17935,when you use @115877 for the first time and your order gets canceled and you still get charged!! nice!!,@119978 We're sorry to hear this. Can you please send us a DM with your email address so we can look into this?,Wed Nov 01 05:08:49 +0000 2017
uber_17938,Uber_Support,17938,@Uber_Support my driver went 10 minutes out of the way adding more money to my ride than it was originally,@119979 Here to help! Contact us here; https://t.co/y4EDPcVZOI so we can take a closer look.,Wed Nov 01 05:10:27 +0000 2017
uber_17940,Uber_Support,17940,@115873 wtf is this busy area charge on UberEATS. Could get two big Mac meals instead of one with,@119980 Here to help! For more info please visit; https://t.co/In8qpo7J2C,Wed Nov 01 05:03:30 +0000 2017
uber_17942,Uber_Support,17942,"Dear @115873 your password reset process is not user friendly, tried hard but couldn't go through. User: Majeed Malla Reg. No: 8699221685",@119981 We apologize for the trouble! Please contact us via https://t.co/7NEPYnmuMH so our team can connect.,Wed Nov 01 05:04:20 +0000 2017
uber_17944,Uber_Support,17944,"@119983 @115873 i don't get this! You send me promo codes every week, but you don't want me to use them.. #UberBeyondLogic https://t.co/qy8uoCWTIe","@119982 We're here to help, Kush! Send us a DM with your email address so we can follow up.",Wed Nov 01 04:58:43 +0000 2017
uber_18211,Uber_Support,18211,"@Uber_Support My contact no. for that account is 9541243687, first booking almost waste my 35 mins, and if I book second one",@120042 Thank you for getting back to us. We're going to need more room. Please send us a DM here; https://t.co/sd7yH5jmbJ,Wed Nov 01 05:24:12 +0000 2017
uber_18212,Uber_Support,18212,"@115873 still it ask me to pay to next driver, why I have to pay, and it wasted around my 1 hour and you asshole will just say sorry for this",@120042 Please DM us your email so we can take a deeper look.,Wed Nov 01 05:20:13 +0000 2017
uber_18215,Uber_Support,18215,@120044 Nice to see @115873 is also as dumb as liberal America.,@120043 Here to help! Connect with us through https://t.co/zUe0dj6yoX and we'll be in touch.,Wed Nov 01 05:24:27 +0000 2017
uber_18218,Uber_Support,18218,@Uber_Support: my account __email__. I'm not sure what happened the app came on and offered me affair when I wasn't working,"@120045 Here to help! Send us a note here, https://t.co/n6ZEHTMzP2, and our team will follow up.",Wed Nov 01 05:08:34 +0000 2017
uber_18220,Uber_Support,18220,"@115873 @Uber_Support Incorrect cancellation fee charged driver cancelled my ride, tried to contact his no was nt rechble reg no +919004341358 https://t.co/3bfUDf07sa",@120046 Here to help. Send us a note at https://t.co/e8HVorX5rh so our team can connect.,Wed Nov 01 05:13:53 +0000 2017
uber_18222,Uber_Support,18222,"@115873 very worst service, drivers are too assholes, they cancel rides themselves and app ask us to pay...",@120042 We're sorry to hear this was your experience. Contact us via https://t.co/e8HVorX5rh and we'll be in touch.,Wed Nov 01 05:10:13 +0000 2017
uber_18427,Uber_Support,18427,@Uber_Support I just did 5 minutes ago,@120095 We're here to help! Send us a DM with your email address so we can assist.,Wed Nov 01 05:37:22 +0000 2017
uber_18429,Uber_Support,18429,@115873 hi I was incorrectly charged 3 times the quoted price for my Uber pool. Can I get a refund &amp; join the ride pass program?,@120095 We can take a look! Send us a note via https://t.co/rkdKXGV1hT so our team can get in touch.,Wed Nov 01 05:33:29 +0000 2017
uber_18431,Uber_Support,18431,"Hey @115873 your driver dropped me off then backed into my retainer wall before speeding off. What gives, man? WHAT GIVES, MAN?!?!!",@120096 Here to help! Please send us a note at https://t.co/fS660rQ8NQ and we'll be happy to look into this for you.,Wed Nov 01 05:29:29 +0000 2017
uber_18433,Uber_Support,18433,"Hello @Uber_Support, why do I get charged for cancelling my order while ive waited for too long for your driver to arrive?!!!!",@120097 Here to help! Send us a note via https://t.co/h840Iouehc so our team can connect.,Wed Nov 01 05:38:13 +0000 2017
uber_18435,Uber_Support,18435,"@Uber_Support Thanks, I have just done this. Is there a way to lock the account to ensure that my banking details are secure?","@120098 Happy to further assist you, Jenna! Send us a DM with your email address so we can follow up.",Wed Nov 01 05:45:40 +0000 2017
uber_18436,Uber_Support,18436,.@Uber_Support - someone is trying to hack my account. I have been sent 11 verification codes that I didn't request. Can you please help?,@120098 Happy to take a closer look. Connect with us through https://t.co/kGIXas5Cxg and we'll be in touch.,Wed Nov 01 05:30:49 +0000 2017
uber_18439,Uber_Support,18439,@Uber_Support why it's not possible to choice pick up location with pin point? Auto location is constantly wrong :(,@120099 We're here to help! Send us a DM with your email address so we can connect.,Wed Nov 01 05:26:57 +0000 2017
uber_18441,Uber_Support,18441,Hey excuse me @115873 wtf is a “country code”,@120100 We can take a look! Send us a note via https://t.co/QDn91HzZV0 so our team can get in touch.,Wed Nov 01 05:29:12 +0000 2017
uber_18443,Uber_Support,18443,@Uber_Support Yall respond on here faster then y'all do via app. I now have charges equaling up to 286$ for rides I did not take. Ywould I uber to Macon?,@120101 Here to further assist you! Send us a DM with your email address so we can follow up.,Wed Nov 01 11:42:47 +0000 2017
uber_18444,Uber_Support,18444,Bru @115873 why tf would I spend 146$ on a uber ride ?! I kould go get a rental for da day with dat bullshit !,@120101 We'll take a look! Kindly send us a note via https://t.co/6IqAxVj2X4 so our team can connect.,Wed Nov 01 03:45:43 +0000 2017
uber_18735,Uber_Support,18735,when you use @115877 and get like 43% of what you ordered.,@120178 Here to help! Send us a note at https://t.co/ZFaWy0Lkdu so our team can connect right away.,Wed Nov 01 05:49:34 +0000 2017
uber_18737,Uber_Support,18737,CAN YOU ORDER ALCOHOL FROM UBER EATS ??,"@120179 For more info about sale of alcohol in UberEats, click here; https://t.co/UN59aWhdgb",Wed Nov 01 05:53:30 +0000 2017
uber_18739,Uber_Support,18739,@Uber_Support I followed up as you suggested and I'm not getting any satisfaction. They just get me the stock answer over and and I followed your protocol,"@120180 Hi, Russell. We've gone ahead and followed up with your support inquiry. Please review our response in-app or via email.",Wed Nov 01 05:34:28 +0000 2017
uber_18741,Uber_Support,18741,@Uber_Support I just had another problem with an uberpool cancellation. There's a glitch in the app.,@120180 Here to help! Follow up here; https://t.co/6PbY19yIs0 and our team will connect right away.,Tue Oct 31 21:43:35 +0000 2017
uber_18743,Uber_Support,18743,@115873 and @1143 please train your drivers to use low beams while driving in the city. All your cabbies use high beams which is damaging.,@120181 Here to help! Connect with us through https://t.co/zUe0dj6yoX and we'll be in touch.,Wed Nov 01 05:49:24 +0000 2017
uber_18745,Uber_Support,18745,"So my @115873 driver started the ride without me in the car today. When I called him, he said ""it just did that"" 1/n",@120182 Our team is reviewing your email now and will be in touch. We appreciate your patience!,Wed Nov 01 05:44:10 +0000 2017
uber_18747,Uber_Support,18747,"@115877 and @McDonalds y'all mess my order up so often! If I order a tote of Cookies and a single cookie comes, you got an issue.",@120183 Here to help. Send us a note at https://t.co/Tq0sPMsSdu so our team can connect.,Wed Nov 01 05:41:37 +0000 2017
uber_18987,Uber_Support,18987,@Uber_Support Better give me a bangalore assistant,@120233 Happy to further assist you! Send us a DM with your email address so we can follow up.,Wed Nov 01 06:10:14 +0000 2017
uber_18989,Uber_Support,18989,"@Uber_Support hello,Don't you have any customer care contact to talk to your executives","@120233 Here to help! At this moment, we don't offer phone support. Visit this link https://t.co/balq3Eyso6 so our team can assist.",Wed Nov 01 06:00:10 +0000 2017
uber_18991,Uber_Support,18991,"@Uber_Support i left a message, can someone PLEASE contact me now? i lost my train ticket home and my passport",@120234 Thanks for your patience! Requests are responded to in the order they're received. We'll follow up with you soon to help with this.,Wed Nov 01 06:17:18 +0000 2017
uber_18992,Uber_Support,18992,@Uber_Support I THINK I LEFT A BAG IN AN UBER PLEAS EHELP ME,@120234 Here to help! Send us a note at https://t.co/rOtqyWzf0B so our team can connect right away.,Wed Nov 01 06:10:17 +0000 2017
uber_18995,Uber_Support,18995,@Uber_Support absolute shambles this morning. Waited for a car and it went from 11 mins away to 4 mins away and then just cancelled 1/2,"@120235 Sorry for the trouble! Send us a note here, https://t.co/593jusCquh, and our team will follow up.",Wed Nov 01 06:09:10 +0000 2017
uber_18997,Uber_Support,18997,@Uber_Support why i am getting this error when adding new master card in payment method.. https://t.co/CZ7VqVxKCT,@120236 Here to help! Send us a note at https://t.co/yqIhbGRNqi so our team can connect right away.,Wed Nov 01 06:02:15 +0000 2017
uber_18999,Uber_Support,18999,I have been charged toll tax by Driver. Asked for cash but these people are not ready to verify with driver. @Uber_Support @390 https://t.co/stcBLqIzKN,"@120237 We're here to help, Avtansh! Send us a DM with your email address so we can follow up.",Wed Nov 01 06:05:10 +0000 2017
uber_19002,Uber_Support,19002,Why does it take more than 24hours to seek help @115873 what ever happened to being responsive 🤔 #overcharged #noresponse #CUSTOMERSERVICEFAIL,@120238 Happy to further assist you. Can you please send us a DM with your email address and additional details?,Wed Nov 01 06:02:13 +0000 2017
uber_19004,Uber_Support,19004,#uber charging GST before discount?? This is not correct. @115873 https://t.co/aiHOan9eBG,"@120239 Here to help! Send us a note here, https://t.co/1xM0TILvAI, and our team will follow up.",Wed Nov 01 05:55:22 +0000 2017
uber_19220,Uber_Support,19220,@Uber_Support This hardly helps.,@120267 Hi there! Send us a DM with your email address so we can assist.,Wed Nov 01 06:29:02 +0000 2017
uber_19221,Uber_Support,19221,"@Uber_Support Overcharged on my ride yesterday. The driver took the longest route for no reason. Estimated was ₹232, actual is ₹340",@120267 Here to help! Please send us a note via https://t.co/y4EDPcVZOI so our team can connect.,Wed Nov 01 06:24:34 +0000 2017
uber_19224,Uber_Support,19224,"@Uber_Support I’m a driver, haven’t had any pick ups yet",@120268 Sorry for the confusion! You can use this link instead; https://t.co/77nJ7fXUyU You can also DM us with your email address so we can assist!,Wed Nov 01 06:25:54 +0000 2017
uber_19225,Uber_Support,19225,@Uber_Support I need login help,@120268 Let's look into that! Send us a note at https://t.co/Md7v036OoC so our team can connect.,Wed Nov 01 06:18:05 +0000 2017
uber_19230,Uber_Support,19230,To the @115873 driver who has been 2mins away for over 15mins. I hope you battled a dragon to get to me.,@120269 Here to help! Send us a note at https://t.co/e8HVorX5rh so our team can connect right away.,Wed Nov 01 06:04:00 +0000 2017
uber_19232,Uber_Support,19232,Ordered 30$ worth of food @115877 and got tiny portion. Order more food thru them but diff place. Order was cancelled for no reason? wtf?,@120270 We're here to help! Send us a DM with your email address so we can connect.,Wed Nov 01 06:13:08 +0000 2017
uber_19234,Uber_Support,19234,@Uber_Support i was charged RS 22.67 extra for sucharges &amp; fees .i was overcharged. i have mail 2 time noreply from your side. Did not halt?,@120271 We're here to help! Send us a DM with your email address so we can follow up.,Wed Nov 01 06:16:22 +0000 2017
uber_19532,Uber_Support,19532,A total joke by @115873 for charging me $150 for cleaning out of nowhere. I did not carry any liquid on to this car. @120329 @120330 https://t.co/OrFzpzENYo,@120328 Here to help! Send us a note via https://t.co/k0r0Fj18wo to assist you further.,Wed Nov 01 06:42:35 +0000 2017
uber_19534,Uber_Support,19534,@115877 keeps getting my order wrong and there is no number to call customer service? #terrible I won't use this service again.,"@120331 Sorry for the trouble! Send us a note here, https://t.co/Tq0sPMsSdu, and our team will be in touch.",Wed Nov 01 06:39:25 +0000 2017
uber_19536,Uber_Support,19536,@Uber_Support why does 1 in 4 Uber’s call me to ask where I’m going then cancel? https://t.co/BQ9LxPPsxl,@120332 Here to help! Send us a note via https://t.co/593jusCquh to assist you further.,Wed Nov 01 06:35:20 +0000 2017
uber_19538,Uber_Support,19538,@115873 I'm stuck in a car with a drunk driver who refuses to pull over. Your app has no options for this.,@120333 We absolutely want to follow up right away. Please send us a DM with your email address so we can connect.,Wed Nov 01 06:30:11 +0000 2017
uber_19540,Uber_Support,19540,"@Uber_Support Your support sucks. I DMed you guys for help and you forwarded me to your help page, but if you read my DM you would see I can't even login.",@120334 Here to help. A member of our team has followed up via DM.,Wed Nov 01 06:28:50 +0000 2017
uber_19758,Uber_Support,19758,@115873 @Uber_Support give me 1 rsn why shud i pay for a cancelling fee when driver is at same point for 15mins and waiting for me to cancel https://t.co/Nt9vu2Pxyy,"@120335 Here to help! Send us a note here, https://t.co/h840Iouehc, and our team will follow up.",Wed Nov 01 06:21:52 +0000 2017
uber_19761,Uber_Support,19761,Can not stand @115873 and how many of their drivers try and scam me off the books 😡😡😡,@120336 Happy to help. Please send us a DM of the email address connected to your account and more details so we can further assist.,Wed Nov 01 06:21:01 +0000 2017
uber_19763,Uber_Support,19763,"@Uber_Support Dear Team, We moved to US from India(Hyderabad)but still I receive the coupons with respect to Hyd.Pls do the needful",@120337 Here to help. Send us a note at https://t.co/QDn91HzZV0 so our team can connect.,Wed Nov 01 06:30:52 +0000 2017
uber_19765,Uber_Support,19765,@Uber_Support So the answer would also be specific!,@120338 We've followed up via DM!,Wed Nov 01 06:14:05 +0000 2017
uber_19770,Uber_Support,19770,@Uber_Support I have uploaded my issue and would need a response urgently!,@120338 Happy to help! Send us a DM with your email address and our team will follow up.,Tue Oct 31 18:53:58 +0000 2017
uber_19772,Uber_Support,19772,@Uber_Support Paytm wallet in Paytm app and in uber app don't show the same balance. Can't use my own money.,"@120338 Let's look into this, Shraddha. Please reach out at https://t.co/OhfgxSAY58, and a member of our team will be in touch.",Tue Oct 31 18:48:42 +0000 2017
uber_20055,Uber_Support,20055,@115873 charged me $150 without asking me what happened. Bodily fluids? Excuse me? This is an insult. Any way to file a lawsuit? https://t.co/hclxTNR47z,@120328 We're here to help! Send us a DM with your email address so we can connect.,Wed Nov 01 06:49:24 +0000 2017
uber_20058,Uber_Support,20058,@Uber_Support get yo mans this is unsafe and i’m pissed as hell,"@120408 We can absolutely follow up, Dani! Can you please send us a note via https://t.co/IeSxT5cVHC?",Wed Nov 01 06:55:15 +0000 2017
uber_20061,Uber_Support,20061,@115877 in India Ubereats doesn't value loyal customer The rates are much higher even when the restaurant is having 20% on other websites,@120409 That doesn't sound right. Can you please send us a DM and more info so we can look into this?,Wed Nov 01 06:50:20 +0000 2017
uber_20063,Uber_Support,20063,@Uber_Support Wrost service ever unwanted charges and unexpactable behaviour Driver denined for ride request n siad no booking is there,"@120410 Here to help! Follow up here; https://t.co/SjsQQ8ofRq, and our team will connect right away.",Wed Nov 01 06:49:44 +0000 2017
uber_20067,Uber_Support,20067,@Uber_Support Therefore i prefer taking @1318 these days,@120411 Here to help! Send us a message here; https://t.co/e8HVorX5rh so we can assist.,Wed Nov 01 06:50:40 +0000 2017
uber_20071,Uber_Support,20071,Hey @Uber_Support I've got appointments over the next 2 weeks. May I please have more discount luv (50% off). You're the best. @115873 https://t.co/ibhZTyhaJY,@120412 Not at the moment! But you can always share your referral code with friends so you can rack up free rides when they sign up.,Wed Nov 01 06:43:40 +0000 2017
uber_20073,Uber_Support,20073,You don’t know true heartbreak until @115877 cancels your order,"@120413 Sorry for the trouble! Send us a note here, https://t.co/4cZy0lb3w1, and our team will be in touch.",Wed Nov 01 06:49:27 +0000 2017
uber_20075,Uber_Support,20075,"@Uber_Support How is a blind person supposed to contact uber if they have left something in a car, no phone for you or anything",@120414 Here to help! Get in contact with your driver here: https://t.co/rOtqyWzf0B,Wed Nov 01 06:49:43 +0000 2017
uber_20077,Uber_Support,20077,@Uber_Support Leave it I don't have that much time to wait for you resolution on the way to office now. Simple if it will work people use it else options.,@120415 Here to help! Send us a DM with your email address so we can assist.,Wed Nov 01 06:49:00 +0000 2017
uber_20079,Uber_Support,20079,@1285 what happen today not able to connect with uber network. @115873 @Uber_Support https://t.co/JeVHKfKRqV,@120415 Here to help! Send us a note at https://t.co/u3MyknJaaN so our team can connect right away.,Wed Nov 01 06:30:47 +0000 2017
uber_20084,Uber_Support,20084,@Uber_Support it's been 3 days after several reminders.....no one is replying...when it comes to refund...Uber support is vanished.... https://t.co/MJeuT1clHg,@120416 We can definitely take a closer look! Please send us a DM with your email address so we can connect.,Wed Nov 01 06:38:50 +0000 2017
uber_20502,Uber_Support,20502,@Uber_Support check direct message asap please,"@120478 Happy to help! Send us a note here, https://t.co/oEOANqFpjc, and our team will follow up.",Wed Nov 01 07:05:41 +0000 2017
uber_20064,Uber_Support,20064,@Uber_Support Now onward i am goint to boycott uber for forever Its 10th time i have charged cancelation fee bcz of uber drives,@120410 Here to help! Please send us a DM with your email address and phone number so we can assist further.,Wed Nov 01 07:05:29 +0000 2017
uber_20506,Uber_Support,20506,"Solid @115873 drivers out here that drive around without their lights on! Not getting in that car, keep up the good work gang.",@120479 We're here to help! Send us a DM with your email address so we can connect.,Wed Nov 01 07:07:51 +0000 2017
uber_20508,Uber_Support,20508,@Uber_Support @115873 @116276 I'm sorry to say this but unfortunately there hasn't been anyone frm ur side connecting wt me fr the issue. Disgusting,@120480 Hello! Thanks for your patience. Please check your DM for our reply.,Wed Nov 01 07:00:43 +0000 2017
uber_20510,Uber_Support,20510,@Uber_Support @115873 @116276 Your sorries won't get back the opportunity I lost due to late arrival. Disgusting.,"@120480 Hey, Mun. It looks like a member of our team has been in touch through in-app support. Please follow up there to view our response.",Wed Nov 01 06:47:06 +0000 2017
uber_20515,Uber_Support,20515,@116276 @115873 @Uber_Support No fucking immediate custmr support team.. No quick response.. Nothing,"@120480 Hi, we're sorry to hear about what happened. Please send us a note directly so we may follow up with you on this: https://t.co/XijNMfvSmO.",Wed Nov 01 06:09:16 +0000 2017
uber_20520,Uber_Support,20520,@115873 irresponsible rude way of handling customer complaints. point blank answers we cannot help. Uber cheating users for double payments.,@120481 We're here to help! Send us a DM with your email address so we can connect.,Wed Nov 01 06:55:24 +0000 2017
uber_20776,Uber_Support,20776,@Uber_Support @120545 Uber Australia. I need some help from an uber driver,@120550 Hi there! We're here to help. Can you please provide more details of what the specific issue is? From there we'll be able to assist further.,Wed Nov 01 12:26:21 +0000 2017
uber_20778,Uber_Support,20778,"@Uber_Support @120545 , email - __email__","@120545 Hi, Udayan. We're currently reviewing your email and will be in touch shortly. We appreciate your patience!",Wed Nov 01 07:26:02 +0000 2017
uber_20786,Uber_Support,20786,"@115873 I raised one complaint yesterday, yet no action. Ur driver is rude, threaten me in mid journey and u do nothing...",@120545 Sorry about the trouble! Please send us a DM with your email address and more details so we can connect.,Wed Nov 01 07:17:49 +0000 2017
uber_20788,Uber_Support,20788,@115873 the driver charged extra Rs.100 as mountain charges . Next Uber driver that is illegal. Please refund,@120552 Here to help! Send us a note at https://t.co/1xM0TILvAI so our team can connect right away.,Wed Nov 01 07:16:22 +0000 2017
uber_20790,Uber_Support,20790,"@Uber_Support hi, I’m getting the same response to my support query from 2 different ‘agents’. Would at least expect some ‘understanding’.",@120553 Hi Kanav! Please send us a DM of the email address connected to your account and more details so we can further assist.,Wed Nov 01 07:19:15 +0000 2017
uber_21111,Uber_Support,21111,@Uber_Support hallo I booked an uber and the driver kept lying to me so 45minutes later I asked him to cancel the trip and he did. He..,@120622 Here to help! Send us a note at https://t.co/e8HVorX5rh so our team can connect right away.,Wed Nov 01 07:29:34 +0000 2017
uber_21590,Uber_Support,21590,@115873 Hello How can I delete Visa card from my account ?! https://t.co/OV0t6Wn2ks,@120702 Here to help! For more info please visit this link....https://t.co/h7farn5v7m,Wed Nov 01 07:46:40 +0000 2017
uber_21592,Uber_Support,21592,I've literally had 3 fucking @115873 's cancel on me because THEY don't know how to fucking drive in New Orleans. If you can't find your way around don't fucking drive for uber.,@120703 Sorry about the trouble! Please send us a DM with your email address and more details so we can connect.,Wed Nov 01 07:44:34 +0000 2017
uber_21594,Uber_Support,21594,@Uber_Support is the link broken? i can't sign in..,@120704 It seems a member of our team has reached out to you. Please check your email and follow up with them there.,Wed Nov 01 23:37:19 +0000 2017
uber_21598,Uber_Support,21598,@Uber_Support hahaha i've checked my email just now.. havent received any from uber.. please resend ya.. my email: __email__,@120704 Sorry for the confusion. We've followed up with the email address linked to your Uber account. Please reach out to us there.,Thu Nov 02 14:11:06 +0000 2017
uber_21600,Uber_Support,21600,"@Uber_Support aik?? recently i was informed due to many accounts, uber focussed to my email (__email__) and uber terminated my other acc..","@120704 We can confirm we have followed up with the email address linked to your account. You can also see our messages via the ""Your Trips"" tab.",Thu Nov 02 15:03:07 +0000 2017
uber_21596,Uber_Support,21596,"@Uber_Support Hi. My driver didn't show up. But in the app, it shows that I'm on my way to my destination. Clear this out for me please.",@120704 Let's look into that! Send us a note at https://t.co/e8HVorX5rh so our team can connect.,Wed Nov 01 07:45:49 +0000 2017
uber_21604,Uber_Support,21604,@Uber_Support And the driver doesn't allow us to take even two bags..,"@120705 Happy to help! Send us a note here, https://t.co/iOszeeHZhQ, and our team will follow up.",Wed Nov 01 07:45:02 +0000 2017
uber_21607,Uber_Support,21607,@Uber_Support do you have services for differently abled in Mumbai,"@120706 Here to help! For more info about UberAssist, visit this link; https://t.co/7dMSlzpucn.",Wed Nov 01 07:37:20 +0000 2017
uber_21609,Uber_Support,21609,@Uber_Support it’s very complicated hence why I need a phone number. I will be contacting the licensing office in Nottingham if a number isn’t provided,@120707 We'd like to assist but we're going to need you to DM us your account email and the details of the issue before we can follow up.,Wed Nov 01 07:54:18 +0000 2017
uber_21610,Uber_Support,21610,@Uber_Support I’d like to speak to someone about the abusive driver I had,"@120707 Here to further assist you, Reece! Send us a DM with your email address so we can follow up.",Wed Nov 01 07:38:08 +0000 2017
uber_21614,Uber_Support,21614,@115873 Can I have a contact number,"@120707 At this moment, we don't offer phone support for these issues. Please contact us via https://t.co/zUe0dj6yoX so our team can connect.",Wed Nov 01 02:43:08 +0000 2017
uber_21616,Uber_Support,21616,@115873 Disgusting service!!!! My cab got repaired at midnight. Was in car for more that 30 mins. Fare increased. Uber reply- WE UNDERSTAND U.,@120708 Sorry about the trouble! Please send us a DM with your email address and more details so we can connect.,Wed Nov 01 07:39:15 +0000 2017
uber_21979,Uber_Support,21979,@Uber_Support That’s not helping me,"@120785 A team member reached out to you via in app support. You can find this under the ""help"" section of the app. Please follow up there.",Wed Nov 01 08:10:56 +0000 2017
uber_21980,Uber_Support,21980,@Uber_Support you all are pissing me off.,@120785 Happy to further assist you. Can you please send us a DM with your email address and additional details?,Wed Nov 01 07:51:16 +0000 2017
uber_21984,Uber_Support,21984,This is the second time my driver did not match his profile. Would you please start looking to this more seriously? @115873,@120786 Happy to help! Our team is currently reviewing your email and will follow up directly.,Wed Nov 01 07:50:54 +0000 2017
uber_21986,Uber_Support,21986,@Uber_Support When asked to turn the heater on but he replied AC is broken. Seat had dirty spots on the seats. Unprofessional driver and car condition,@120787 Sorry to hear about this. Please send us a note here https://t.co/hZwMZxiam9 so we can look into this.,Wed Nov 01 07:40:20 +0000 2017
uber_21989,Uber_Support,21989,@120788 @Uber_Support I prefer Uber over careem any day but to my luck this uber driver is X-Crm drvr look at his car 🤧😷pic talks more... https://t.co/IZAdQIia00,@120787 We're here to help! Please send us a note via https://t.co/aBEgvdNWQN so we can connect.,Sun Oct 29 11:42:20 +0000 2017
uber_21991,Uber_Support,21991,@118730 Dose Uber Eats need Full G license ?,"@120789 Here to help! Send us a note here, https://t.co/uRjsQ64qLY, and our team will follow up.",Wed Nov 01 07:49:59 +0000 2017
uber_21994,Uber_Support,21994,@Uber_Support Very rude from your customer service to tell me it’s my fault.. the address I had asked was a hotel the driver didn’t even come inside,@120790 We're sorry to hear this. Can you please send us a DM of your email address so we can look into this?,Wed Nov 01 11:30:07 +0000 2017
uber_21995,Uber_Support,21995,"@Uber_Support not impressed ordered &amp; advised to come into reception desk, driver never arrives so no food and then get double charged",@120790 Here to help! Send us a note at https://t.co/nFTc4ODH3P so our team can connect right away.,Wed Nov 01 07:51:37 +0000 2017
uber_22597,Uber_Support,22597,"@Uber_Support This looks good on paper, but is otherwise useless. You’re never really there to help &amp; this message is automated.",@120935 We're here to help! Send us a DM (Direct message) with your email address so we can assist.,Wed Nov 01 18:49:36 +0000 2017
uber_22598,Uber_Support,22598,DRIVERS: Keep an eye on EVERY @115873 ride!!! This is becoming a serious problem. https://t.co/Yvu3vguWSa,@120935 We're here to help! Send us a note at https://t.co/F7yFN7gC20 so we can assist.,Wed Nov 01 08:04:23 +0000 2017
uber_22602,Uber_Support,22602,@Uber_Support This doesn't really help with my issue. https://t.co/OvmRWGVmXB,@120936 Hello there! It seems a member of our team has reached out to you. Please check your email and follow up with them there.,Wed Nov 01 08:39:29 +0000 2017
uber_22605,Uber_Support,22605,@Uber_Support I have not received an email unfortunately,@120936 Please send us a DM so we can follow up on this. https://t.co/sd7yH5jmbJ,Wed Nov 01 10:13:38 +0000 2017
uber_22603,Uber_Support,22603,@Uber_Support how long should DM replies take?,@120936 Here to help! Send us a note at https://t.co/lqVgKo4ZO3 so our team can connect right away.,Wed Nov 01 08:11:46 +0000 2017
uber_23221,Uber_Support,23221,"Uber charges Rs 70 for Rlystn to Seethammadhara. As a consumer I love it, but this is daytime robbery for drivers. Unsustainable. @115873","@121058 Happy to help! Send us a note here, https://t.co/1xM0TILvAI, and our team will follow up.",Wed Nov 01 08:17:18 +0000 2017
uber_23223,Uber_Support,23223,@Uber_Support I made a note already. Check with that. Also clearly mentioned in my tweet.,@121059 We can definitely take a look! Send us a DM with your email address and details so we can follow up.,Wed Nov 01 08:56:52 +0000 2017
uber_23226,Uber_Support,23226,"@Uber_Support I sent, check messages",@121059 We see your outreach and a member of our team will be following up via email as soon as possible. We appreciate your patience.,Wed Nov 01 09:57:24 +0000 2017
uber_23224,Uber_Support,23224,@115873 @Uber_Support Driver forced me to get out of cab with full bad words after taking money. What shoulb be the action? https://t.co/1RR5zUQfAi,@121059 Let's look into that! Send us a note at https://t.co/fS660rQ8NQ so our team can connect.,Wed Nov 01 08:15:36 +0000 2017
uber_23230,Uber_Support,23230,@115873 I don’t think reminding your staff of your community guidelines is good enough #DontGoLosingYourLicenceAgainHey #NotGoodEnough https://t.co/AWL26oXhhN,@120909 We absolutely want to follow up right away. Please send us a DM with your email address so we can connect.,Wed Nov 01 08:14:58 +0000 2017
uber_23232,Uber_Support,23232,@Uber_Support how Can I talk live chat with Uber ?,@120789 We're here to help! Send us a DM with your email address so we can connect.,Wed Nov 01 08:12:35 +0000 2017
uber_24062,Uber_Support,24062,@121182 @115873 I did NOT get a receipt &amp; nobody told me who they were. Nobody told me who took my order &amp; what I ordered,@121181 We're here to help! Send us a DM with your email address and more details so we can follow up.,Wed Nov 01 08:46:00 +0000 2017
uber_24066,Uber_Support,24066,@115877 you sent me 2 £5 vouchers that I tried to use but came up as expired. There is no expiry date on the email :(,@121183 We're here to help! Send us a DM with your email address so we can connect.,Wed Nov 01 08:37:18 +0000 2017
uber_24068,Uber_Support,24068,@Uber_Support This is bill invoice https://t.co/SPYYZvyDXB,@121184 We'd be happy to follow up on this for you. Send us a DM with your email address/phone number and our team will review.,Wed Nov 01 12:16:40 +0000 2017
uber_24071,Uber_Support,24071,@Uber_Support What do u mean by DM?. It is better if you could do it as soon as possible,@121184 We want to follow up. Can you please send a note our way via https://t.co/wW2bTlNcsR?,Wed Nov 01 16:49:17 +0000 2017
uber_24069,Uber_Support,24069,@115873 we had a ride from RGI airport to Lb Nagar for 767/- rs as it shown in booking time. But driver asked us to pay 200 for toll. Solution,"@121184 Here to help! Send us a note here, https://t.co/buHSiHh6zA, and our team will follow up.",Wed Nov 01 08:32:24 +0000 2017
uber_24074,Uber_Support,24074,@Uber_Support Unjustly deactivation of my uber account. Need an explanation,@121185 Let's look into that! Send us a note at https://t.co/Md7v036OoC so our team can connect.,Wed Nov 01 08:35:28 +0000 2017
uber_24077,Uber_Support,24077,To the @115873 who got shouted at outside me. I feel sorry for you. Thank god backup of another driver came! #Uber #windsor,"@121186 Happy to help! Send us a note here, https://t.co/vZ2zCuaLbs, and our team will follow up.",Wed Nov 01 08:23:46 +0000 2017
uber_24079,Uber_Support,24079,@115873 Update: driver is 21 minutes away now. I may just cancel this and get a regular cab 😏,@121187 Here to help! Send us a note at https://t.co/e8HVorX5rh so our team can connect right away.,Wed Nov 01 08:34:27 +0000 2017
uber_24576,Uber_Support,24576,@1582 the app on my phone no longer recognises my phone &amp; asks to connect to a number but then says my number is already in use #help,@121296 Here to help! Send us a note at https://t.co/mSBDsMUeID so our team can connect right away.,Wed Nov 01 08:52:26 +0000 2017
uber_24578,Uber_Support,24578,@115877 bicycles... No! Foods cold every bloody time.,"@121297 Here to help! Send us a note here, https://t.co/OWBkgXcbMl, and our team will follow up.",Wed Nov 01 08:45:44 +0000 2017
uber_25021,Uber_Support,25021,When you order #UberEats and the food that turns up is disgusting.,@121409 Oh no! Please send us a note at https://t.co/UuEqrZQbvE and we'll be sure to follow up.,Wed Nov 01 09:28:46 +0000 2017
uber_25023,Uber_Support,25023,@115877 I placed the order for first time. It showed 109 as pending amount and deducted two amounts. Help!,@121410 Happy to take a closer look! Can you please send us a DM with your email address so we can follow up?,Wed Nov 01 08:58:28 +0000 2017
uber_25025,Uber_Support,25025,"@Uber_Support My email id is __email__ &amp; mob 8860603869, I have been overcharged, instead of 129Rs. 1045Rs have charged.","@121411 Thank you for that information, Ameet. A member of our team will be following up with your support inquiry as soon as possible.",Thu Nov 02 03:59:19 +0000 2017
uber_25027,Uber_Support,25027,@Uber_Support Uber is forcing me to shift on Ola or any other alternative..,@121411 Please send us a DM with your account email address + details and we'll connect.,Wed Nov 01 08:57:44 +0000 2017
uber_25033,Uber_Support,25033,"@Uber_Support I didn’t even get a reply message assuring me for the investigation of the matter,very unprofessional,Iam deleting the app right now goodbye",@121411 Oh no! Please DM us the email linked to your account so we can look into this for you. We look forward to your response.,Tue Oct 31 01:39:24 +0000 2017
uber_25036,Uber_Support,25036,"@115873 @Uber_Support can you please justify this, 11 km of distance 129Rs was the fare in Uber pool &amp; here come the final bill of 1046 Rs. https://t.co/4SKqbHq7M1",@121411 We're here to help! Please send us a note here; https://t.co/1xM0TILvAI so our team can connect.,Mon Oct 30 13:01:03 +0000 2017
uber_25038,Uber_Support,25038,"@115873 this ""completing a trip"" before picking me up is #rubbish I cancelled that and got another one in a fraction of the time.","@121412 Here to help, Ally! Send us a note here, https://t.co/e8HVorX5rh, and our team will follow up.",Wed Nov 01 08:55:38 +0000 2017
uber_25976,Uber_Support,25976,Terrible @115873 trip this morning. Get drivers who know where they are going! I want a full refund for not getting me to my location.,"@121667 Sorry for the trouble! Please send us a note here, https://t.co/593jusCquh, and our team will follow up.",Wed Nov 01 09:10:06 +0000 2017
uber_25978,Uber_Support,25978,"@Uber_Support Keep getting ""Error verifying payment profile"" trying to make @115877 order, both on App and Desktop 😞 #hangry",@121668 We're here to help! Please send us a note via https://t.co/nNTmqKFfZd so we can assist.,Wed Nov 01 09:04:11 +0000 2017
uber_26982,Uber_Support,26982,@Uber_Support Team..I don't know what I need to do get this rectified.. I am not getting any replies from uber. And this has been going for about 2 months now..,@121903 Apologies for the delay here. Looks like our team has reached out via email to assist further. Let us know if you still have trouble.,Mon Nov 06 06:07:06 +0000 2017
uber_26983,Uber_Support,26983,@Uber_Support I have reverted on it but have not received any further update on the same,@121903 Thanks for following up. A member of our team is reviewing your inquiry and will be following up shortly.,Wed Nov 01 09:17:23 +0000 2017
uber_26986,Uber_Support,26986,@Uber_Support I haven't received any communication yet..and all I get is some automated replies...This is seriously not what is expected from you..,"@121903 Hi, Hemendra. A member of our team has been in touch via email, please check your inbox and follow up there directly.",Sun Oct 29 17:12:02 +0000 2017
uber_26988,Uber_Support,26988,@115873 @Uber_Support pathetic service assistance..have not been able to book cab for more than a month due to technical error on my account +919619556066 and all I get is your ridiculous automated reply,@121903 We see your outreach and a member of our team will be following up via email as soon as possible. We appreciate your patience.,Sun Oct 29 11:35:16 +0000 2017
uber_26990,Uber_Support,26990,@115873 He also ignored the calls from my personal number after asking for it to get ahold of me. Called from the app and he answered immediately,@121904 Here to help! Can you please send us a DM with your email address and details so we can connect?,Wed Nov 01 09:24:18 +0000 2017
uber_26993,Uber_Support,26993,"@115873 @1751 @115873 response seems to be just ""change your password"". And there is NO way anyone would know my account password. Concerning. $250 of food.",@121905 Here to help! Can you please send us a DM with your email address and details so we can connect?,Wed Nov 01 09:14:31 +0000 2017
uber_27438,Uber_Support,27438,@Uber_Support is it possible to get an invoice with a billing address on it?,@122013 We're here to help! Send us a note at https://t.co/1ZhWn0IZsw so we can assist.,Wed Nov 01 09:37:18 +0000 2017
uber_27921,Uber_Support,27921,@115873 expecting a different reply from atleast one. There isn't one whom I can talk in your support center. Pathetic support system. https://t.co/4WHcT0ozB6,@122109 We're here to help! Send us a DM with your email address so we can assist.,Wed Nov 01 10:02:06 +0000 2017
uber_27924,Uber_Support,27924,@Uber_Support Drop done 150m from original destination. Charged 100 extra and that too in pool. Is development team fine? #Pathetic,"@122110 Hey, Rajat. We've received your DMs and will be following up shortly.",Wed Nov 01 09:41:18 +0000 2017
uber_27926,Uber_Support,27926,@Uber_Support please check my account. I reinstalled d app today and it's showing an outstanding of yesterday. Surprising. Plz Resolve https://t.co/mg5DRr2XdP,"@122111 Here to help! Send us a note here, https://t.co/OhfgxSAY58, and our team will follow up.",Wed Nov 01 09:59:37 +0000 2017
uber_27928,Uber_Support,27928,@115877 not functional in Koramangala anymore?,@122112 Here to help! Please follow the link https://t.co/bl5B9dVLvX for more info.,Wed Nov 01 09:53:17 +0000 2017
uber_27930,Uber_Support,27930,"I’m so annoyed with Uber eats, never mind zve money back, I just want my food 😫😫😫",@122113 Here to help! Please visit https://t.co/8A5NlDbHXS for further assistance.,Wed Nov 01 10:28:02 +0000 2017
uber_27932,Uber_Support,27932,"@122115 @Uber_Support Nah I’m on my way home right now, by the drive in",@122114 We’re here to help! Send us a note via https://t.co/bGbBMJqMgN so our team can assist.,Wed Nov 01 09:50:12 +0000 2017
uber_28495,Uber_Support,28495,‘Senior’ complaints @115877 call 35 mins late. Insurance policy? No idea. Driver pay? £40 hr? Car damage? Not our responsibility. Pathetic,@122234 We're sorry to hear this. Can you please send us a DM of your email address so we can look into this?,Wed Nov 01 10:22:45 +0000 2017
uber_28498,Uber_Support,28498,@Uber_Support @115877 #UberEATS kinds sucks!,@122235 Let's take a closer look! Send us a note via https://t.co/h3vAjBLlBH so our team can follow up.,Wed Nov 01 10:45:51 +0000 2017
uber_28501,Uber_Support,28501,@115873 and their Support is... uugghhh @uber_support maybe I am having incorrect expectations from their support team.,@122236 Here to help! Send us a note at https://t.co/e8HVorX5rh so our team can connect.,Wed Nov 01 10:12:13 +0000 2017
uber_28504,Uber_Support,28504,@115873 @119983 @116288 your driver harassed and badgered my guests to pay cash for a non cash payment drive. These were poor folks,"@122237 We can absolutely follow up, Tarun! Can you please send us a DM with your email address?",Wed Nov 01 10:10:51 +0000 2017
uber_28506,Uber_Support,28506,"Dear @Uber_Support , I have issues of my rides in Indonesia. Drivers won't come and I had to cancel rips, therefore credit card got blocked",@122238 We're here to help! Please reach out to https://t.co/zUe0dj6yoX and fill out the 4 boxes at the bottom so we can get in touch.,Wed Nov 01 09:53:52 +0000 2017
uber_28968,Uber_Support,28968,@Uber_Support My driver won't cancel the ride or pick me up. It's been an hour. Please help.,@122373 Sorry to hear about that! Can you please contact us via https://t.co/593jusCquh so our team can connect.,Wed Nov 01 10:43:09 +0000 2017
uber_28970,Uber_Support,28970,Still waiting for support after clicking help. Had to re-order somewhere else. @115877 Worst food experience ever,@122374 We're sorry to hear about your experience! Can you please contact us via https://t.co/ZFaWy0Lkdu so our team can connect.,Wed Nov 01 10:41:13 +0000 2017
uber_16914,Uber_Support,16914,@115877 Is uberEATS perth a thing yet?,"@122375 Hi, Paige! For more information on this, click here; https://t.co/bl5B9dVLvX. Feel free to reach out with any further questions.",Wed Nov 01 10:35:40 +0000 2017
uber_28974,Uber_Support,28974,@Uber_Support I have already submitted two notes😶,@122376 Hello there! Please DM us your email address so we can follow up. Thanks!,Wed Nov 01 11:24:01 +0000 2017
uber_28975,Uber_Support,28975,@Uber_Support Left contact lenses fluid in your drivers car and have been trying to contact him for 3 days. Need help!!!,@122376 Here to help! Send us a note at https://t.co/oY5vj3vPqt so our team can connect right away.,Wed Nov 01 10:36:13 +0000 2017
uber_28980,Uber_Support,28980,Does UberEATS also come with those vouchers like Uber? I don't have lunch money for ksasa. I need food.,@122377 Here to help! Send us a note via https://t.co/PwMnPVp5yK to assist you further.,Wed Nov 01 10:52:58 +0000 2017
uber_28982,Uber_Support,28982,"@Uber_Support pathetic support Uber. 3rd day in continuation that my issue hasn't been resolved, i am unable to use the app!!! https://t.co/V6EAEipRX3",@122378 Here to help. A member of our team has followed up via DM&gt;,Wed Nov 01 10:17:42 +0000 2017
uber_28984,Uber_Support,28984,@Uber_Support That doesn't help at all. The driver never called me once and now he has my delivery for himself. Its disgusting and an absolute joke.,@122379 We can definitely take a look! Send us a DM with your email address so we can follow up.,Wed Nov 01 11:18:30 +0000 2017
uber_28985,Uber_Support,28985,"@Uber_Support ordered food via the app, as its due to arrive the driver CANCELLED my order. What is going on.",@122379 Here to help! Send us a note at https://t.co/BjBRiTu5jM so our team can connect.,Wed Nov 01 10:29:29 +0000 2017
uber_28989,Uber_Support,28989,@Uber_Support Just had an order that was out for delivery cancelled by the delivery driver. How is this possible? Where's my food?,@122380 Hi there! Please send us a note at https://t.co/qK0ko3cxjk and we'll be happy to look into this for you.,Wed Nov 01 10:29:01 +0000 2017
uber_28991,Uber_Support,28991,"@115873 from 2 month im bursting my head with ur cust. care bt no1 bother2 respond my issue,as my ID is hacked &amp; no cab is showing in my app.",@122381 Sorry about the trouble! Please send us a DM with your email address and more details so we can connect.,Wed Nov 01 10:22:09 +0000 2017
uber_29579,Uber_Support,29579,@115873 used your app twice in Paris and the payment source stopped working. Is this supposed to happen?,@122496 Hi there! Please send us a note at https://t.co/OhfgxSAY58 and we'll be happy to look into this for you.,Wed Nov 01 10:48:22 +0000 2017
uber_29581,Uber_Support,29581,"@Uber_Support If i am saying that last report was received, that means this feature is already ON in App settings.Can you please check with your backend?","@122497 We're happy to take a closer look, Nitish. Please send us a note at https://t.co/balq3Eyso6 and a member of our team will follow up.",Wed Nov 01 12:19:00 +0000 2017
uber_29582,Uber_Support,29582,"@Uber_Support Why Uber is not sending my ""Uber business profile travel report""?The last report i received, was dated 9th Oct.Please fix it.",@122497 Here to help! Please visit https://t.co/MGvt1wlTZl in setting up travel reports,Wed Nov 01 10:38:52 +0000 2017
uber_30067,Uber_Support,30067,@Uber_Support when will more ride passes be released for the DC area? My pass ends in 2 days &amp; I want another. Why can't passes auto renew?,@122612 Here to help! Send us a note at https://t.co/zUe0dj6yoX so our team can connect.,Wed Nov 01 10:52:43 +0000 2017
uber_30069,Uber_Support,30069,@Uber_Support No one has got in contact with me yet,@122613 Thank you for your continued patience we are reviewing your message and will be in touch soon.,Wed Nov 01 12:33:39 +0000 2017
uber_30070,Uber_Support,30070,@Uber_Support I’ve sent a DM regarding a driver speeding away from me before I got into car and charging me he full trip amount!,@122613 Sorry to hear about the trouble! We have your in-app request and will follow up with you soon. Thanks for your patience.,Wed Nov 01 11:08:24 +0000 2017
uber_30073,Uber_Support,30073,@115873 Driver was unreachable &amp; on other line. Next I know he has cancelled the trip. I was waiting at pickup point.Cancel fee not just.,"@122614 Sorry for the trouble! Send us a note here, https://t.co/593jusCquh, and our team will follow up.",Wed Nov 01 10:53:38 +0000 2017
uber_30075,Uber_Support,30075,"@Uber_Support Hi uber, i'm receving text confirmation message but i did'nt use the app, is somebody hacking my account ?",@122615 Here to help! Send us a note at https://t.co/kGIXas5Cxg so our team can connect right away.,Wed Nov 01 11:05:25 +0000 2017
uber_30077,Uber_Support,30077,@Uber_Support trying to find a ride because I have to be somewhere at 7 and there are cars near my area but no ride has been found.,@122616 Here to help! Please reach out to https://t.co/zUe0dj6yoX and fill out the 4 boxes at the bottom so we can get in touch.,Wed Nov 01 10:37:09 +0000 2017
uber_30079,Uber_Support,30079,Hey @115873 if you charge me for this fate after you’re driver canceled then that’s fucked up. #idisntcancelyoudid,@122617 Hi there! Please send us a note at https://t.co/QsI1vsvcif and we'll be happy to look into this for you.,Wed Nov 01 10:54:38 +0000 2017
uber_30082,Uber_Support,30082,@Uber_Support Book Cab for my family actual bill INR712.19 charged by driver INR900 in cash booking. Pls check https://t.co/u3WvMvQkHQ,@122618 Hi there! Please send us a note at https://t.co/PBWcEpkWF7 and we'll be happy to look into this for you.,Wed Nov 01 10:53:55 +0000 2017
uber_30557,Uber_Support,30557,@116288 @Uber_Support I am not able to login my account 9599283689 showing access denied. kindly help,@122724 Here to help! Send us a note at https://t.co/BDlHSjUF9c so our team can connect.,Wed Nov 01 11:18:35 +0000 2017
uber_30559,Uber_Support,30559,@Uber_Support very poor service by uber.Why should i pay if a driver cancel ride without any rsn evn after cnfrming source and destination.,@122725 We've followed up via DM!,Wed Nov 01 11:12:39 +0000 2017
uber_30561,Uber_Support,30561,@Uber_Support Still waiting for my account to be closed &amp; an email from uber team.It's been more than 12hrs now.That's not good customer service at all,"@122726 Sorry for the delay, Sam. Please continue to follow up with any questions through your open thread via in app support.",Wed Nov 01 12:49:25 +0000 2017
uber_30565,Uber_Support,30565,@Uber_Support Still waiting. Not happy at all,"@122726 Sorry for the delay, Sam. Our team is looking into this further and will be following up with you shortly!",Wed Nov 01 17:02:53 +0000 2017
uber_30562,Uber_Support,30562,@115877 do you not check where you are delivering and where card is registered. I am disgusted and appalled @Uber_Support,"@122726 Hey, Sam. We've responded to your DM.",Wed Nov 01 11:30:06 +0000 2017
uber_30568,Uber_Support,30568,@Uber_Support __email__ Rajat Gupta Phone no. - 9629343477 Please check it what's the problem and please rectify it.,"@122727 Happy to help! Send us a note here, https://t.co/Md7v036OoC, and our team will follow up.",Thu Nov 02 10:52:04 +0000 2017
uber_30569,Uber_Support,30569,@Uber_Support my uber account got deactivated for some unknown reason . Please help.,"@122727 Please send us specific details of your concern together with your email address, so we can better assist you.",Wed Nov 01 11:17:52 +0000 2017
uber_30572,Uber_Support,30572,@Uber_Support Uber express picked 6:08am ride then called asking for destination. Felt unsafe to give over phone.He hung up &amp; canceled ride!,@122728 Sorry to hear about that! Please send us a note via https://t.co/593jusCquh so we can assist.,Wed Nov 01 11:16:47 +0000 2017
uber_30574,Uber_Support,30574,"What is going on with @Uber_Support eats, I’ve had like 5 bad experiences in the last month. Considering deleting the app.","@122729 It seems a member of our team has reached out to you. If you have further concerns, please reply to the email thread.",Wed Nov 01 10:52:14 +0000 2017
uber_30852,Uber_Support,30852,@Uber_Support I used uber car from Borjhar Airport to Basistha and fare was Rs481/ I want a receipt,@122798 Here to help! Please visit https://t.co/mHNQLPUf5T for more info.,Wed Nov 01 11:40:48 +0000 2017
uber_30854,Uber_Support,30854,@Uber_Support Please do not respond to me using generic responses. I need a person to actually answer my questions.,"@122799 If you didn't receive an email inviting you to purchase, or they were sold out, we sadly wont be able to offer you a ride pass this month.",Wed Nov 01 14:02:35 +0000 2017
uber_30855,Uber_Support,30855,@Uber_Support Please contact me ASAP. I've been waiting for 6 months for an Uber Pass and I live in DC. No pass yet. Please help me.,@122799 Happy to follow up! Contact us via https://t.co/tv4psVy8sr so we can connect.,Wed Nov 01 11:41:27 +0000 2017
uber_30858,Uber_Support,30858,@Uber_Support How can I expedite getting my account re-enabled?,@122800 Let's take a further look into this. Please send us a DM with your email and phone number linked to your account.,Wed Nov 01 11:35:13 +0000 2017
uber_30860,Uber_Support,30860,@115873 @2006 who do I contact for a refund for a taxi that never turned up? I've now been charged!,"@122801 Hi there! We're here to help. Send us a note here, https://t.co/Wavn5xnaeo and so our team will assist.",Wed Nov 01 11:38:39 +0000 2017
uber_30862,Uber_Support,30862,@Uber_Support Thanks but tried with several cards from different banks and countries but still not working :/,@122802 Hey Adelio! Can you please provide your account email so we can better connect? We will follow up.,Wed Nov 01 14:28:01 +0000 2017
uber_30863,Uber_Support,30863,@Uber_Support Hi can you tell me why I can add no credit cards or PayPal account on my Uber? Impossible to use the app :/,@122802 Here to help! Please visit https://t.co/YWcrRDAXHl for more info.,Wed Nov 01 11:33:26 +0000 2017
uber_30866,Uber_Support,30866,@Uber_Support it was ubereats not uber taxi,@122803 Here to help! Send us a note at https://t.co/LxUyK8VN9J so our team can connect right away.,Wed Nov 01 12:12:39 +0000 2017
uber_30867,Uber_Support,30867,@Uber_Support ummm excuse me you guys have charged me twice for one order,@122803 Here to help! Send us a note at https://t.co/1xM0TILvAI so our team can connect right away.,Wed Nov 01 11:37:14 +0000 2017
uber_30870,Uber_Support,30870,@Uber_Support hello why the uber man started the pool and am not in the car! And y’all done charge my account!!,@122804 Here to help! Send us a note via https://t.co/e8HVorX5rh so we can connect.,Wed Nov 01 11:27:59 +0000 2017
uber_30872,Uber_Support,30872,"@115873 this is ridiculous . No wonder yall are loosing customers. Its about the driver and we already pay enough , wait enough and complain😡","@122805 Sorry for the trouble! Send us a note here, https://t.co/z8NNR56eyf, and our team will be in touch.",Wed Nov 01 11:26:54 +0000 2017
uber_31494,Uber_Support,31494,"@Uber_Support Why you guys alwyas try to pull complaints DM, inbox, in your app.. Why not replying the resolution here in public?","@122948 Hi, Bhaskar. To give this matter the attention it deserves, please send us a DM so we can address this concern.",Wed Nov 01 12:29:42 +0000 2017
uber_31498,Uber_Support,31498,@Uber_Support What is this response? Are you guys really serious abt customer service? Where is my refund &amp; compensation for the inconvenience I faced? https://t.co/IqRgmyZF6E,@122948 Thank you for reaching out. A member of our team has followed up with you via email. Please let us know if you have any other questions.,Wed Nov 01 12:44:23 +0000 2017
uber_31501,Uber_Support,31501,@Uber_Support Please refund my wrongly deducted amount asap or give me the valid reason for this deduction here. @2156 @118341,@122948 We followed up with you via DM.,Wed Nov 01 13:34:51 +0000 2017
uber_31505,Uber_Support,31505,@Uber_Support You didn't. Please refund the wrongly deducted money asap or give me the valid reason here,@122948 Thank you for reaching out. A member of our team will be following up shortly to clarify.,Thu Nov 02 04:27:34 +0000 2017
uber_31495,Uber_Support,31495,Why @115873 driver sucks every time? Stop @122951 Or non cash drives. Driver asked for cash or to cancel the trip. On cancelling @115873 charged https://t.co/GaZnyRH8lE,"@122948 Sorry to hear about the trouble, Bhaskar! Please DM us so we can have some additional room to connect further.",Wed Nov 01 12:05:15 +0000 2017
uber_31510,Uber_Support,31510,Hey @115873 what's the use of the app if the driver will ask for directions anyway?,@122952 Here to help! Send us a note via https://t.co/z8NNR56eyf to assist you further.,Wed Nov 01 12:00:21 +0000 2017
uber_31512,Uber_Support,31512,@115873 @Uber_Support Support team has stopped responding. Can someone look into this???,@122953 We can definitely take a look! Send us a DM with your email address so we can follow up.,Wed Nov 01 12:04:25 +0000 2017
uber_31516,Uber_Support,31516,@Uber_Support We did and you regrettably were no help at all.,"@122954 Hey, James! We're still so sorry to hear about your poor UberEATS experience; we absolutely want to review this order for you. Please DM us.",Thu Nov 02 14:15:14 +0000 2017
uber_31517,Uber_Support,31517,#UberEATS when you wait an hour for food and they fail to deliver #UberFail https://t.co/W0AQMflHR3,@122954 Sorry for the trouble! Contact us via https://t.co/Tq0sPMsSdu so we can connect right away.,Wed Nov 01 11:59:16 +0000 2017
uber_31521,Uber_Support,31521,@Uber_Support .@Uber_Support Yeah I'm 10 minutes late to work now because your driver made an illegal left turn from the middle lane,@122955 We take this very seriously. Please send us a DM with your email address so we can connect ASAP.,Wed Nov 01 11:59:28 +0000 2017
uber_31524,Uber_Support,31524,@115877 still waiting and it’s been over a hour :))))),@122956 Here to help! Please visit https://t.co/OfU5UzgGiI for more info.,Wed Nov 01 12:16:33 +0000 2017
uber_31526,Uber_Support,31526,"@Uber_Support Actually you don't care your customers, you just need the money. Such a poor, cheap, foolish support. #Sleeping #support","@122957 We would like to help, however without your email we will be unable to.",Wed Nov 01 11:51:15 +0000 2017
uber_31529,Uber_Support,31529,"@Uber_Support When will you take that closer look, I've paid you the 42 cancellation fee because of your stupid driver. Such a poor cheap Uber.","@122957 We want to help, Ashish! Please DM us the email and phone number linked to your account and we will follow up. https://t.co/sd7yH5jmbJ",Sun Oct 29 18:03:48 +0000 2017
uber_31531,Uber_Support,31531,"@116288 @Uber_Support @119983 @115873 @Uber_Support @119983 Any Solution for Issue? I've received no update Yet from your Side which is such a poor, cheap professionalism.","@122957 Happy to take a closer look at your inquiry, Ashish! Please DM us your account email and we'll follow up. Thanks!",Thu Oct 26 11:43:25 +0000 2017
uber_31543,Uber_Support,31543,"Oh, and I had to walk over to him. FFS @115873 driver, get your shit together. I was stuck with him because I had to get to work. Ugh.",@122958 We're here to help! Please send us a note via https://t.co/z8NNR56eyf so we can assist.,Wed Nov 01 11:53:06 +0000 2017
uber_31547,Uber_Support,31547,"@115873 hey I lost my phone in Nashville, TN in one of your cars. What is the best way to get that back.",@122959 We're here to help! Get in touch with your driver through this link: https://t.co/rOtqyWzf0B,Wed Nov 01 11:56:51 +0000 2017
uber_31549,Uber_Support,31549,"@Uber_Support Still waiting, this delay is ridiculous","@122960 Hi, Mark! Go ahead and check your DM for further details!.",Thu Nov 02 09:52:03 +0000 2017
uber_31559,Uber_Support,31559,@Uber_Support Nothing is working... its urgent please,@122960 We're sorry to hear you're still experiencing this issue. We've followed up via DM.,Tue Oct 31 12:25:51 +0000 2017
uber_31562,Uber_Support,31562,"@Uber_Support None of those work, they just take me to a login screen and I cant go further","@122960 Send us a message at https://t.co/balq3Eyso6, this page does not require a login. A member of our team will follow up soon.",Tue Oct 31 12:05:03 +0000 2017
uber_31565,Uber_Support,31565,"@Uber_Support mu account appears to have been disabled, Urgent please..",@122960 Sorry for the confusion. Kindly follow this link https://t.co/ACn231rQL4 so to help you update your phone number.,Tue Oct 31 11:51:44 +0000 2017
uber_31569,Uber_Support,31569,@115873 How can I delete my MasterCard from payment method??,@122961 Here to help! Find more info here; https://t.co/paDlcZi0nv. Please let us know if you have any other questions or concerns.,Wed Nov 01 11:47:15 +0000 2017
uber_31968,Uber_Support,31968,"@Uber_Support @123071 you bloqueda my account no reason, its not fare. mi mail __email__",@123073 Our team is reviewing your email now and will be in touch. We appreciate your patience!,Thu Nov 02 07:46:09 +0000 2017
uber_31972,Uber_Support,31972,@Uber_Support @123071 Hi I'm an uber eats courier. Many times McDonald's food isn't ready for us but for regular customers it's ready right away. What gives?,@123079 Here to help! Send us a note here; https://t.co/hVMgTsth35 and our team will be able to help.,Thu Nov 02 13:32:00 +0000 2017
uber_31973,Uber_Support,31973,"@Uber_Support @123071 if you want to help, give me refund. You have no rights to charge this high fare.",@123071 We can take a look! Send us a DM with your email address so we can follow up.,Wed Nov 01 12:40:17 +0000 2017
uber_31981,Uber_Support,31981,"@115873 worst service, no place to report frauds? You are beggers. #fraud company",@123071 Here to help! Send us a note via https://t.co/1xM0TILvAI so our team can get in touch.,Wed Nov 01 12:15:33 +0000 2017
uber_31983,Uber_Support,31983,@Uber_Support I have got some reply but nothing is visible on my uber application if possible kindly arrange a call for quicker resolution,@123080 It seems our team is still reviewing this for you. We assure you someone will be in touch soon. Thank you for your patience.,Wed Nov 01 12:22:15 +0000 2017
uber_31985,Uber_Support,31985,@Uber_Support How much time your team requires to resolve my issue?,@123080 Sorry for the delay! We've escalated this matter to the appropriate team and someone will be in touch soon. Thank you for your patience.,Wed Nov 01 05:54:24 +0000 2017
uber_31987,Uber_Support,31987,"@Uber_Support I have already mentioned my issue on Help page on Uber application(my mail id - __email__), please rectify my issue asap",@123080 Our team is reviewing your email and will be in touch. We appreciate your patience!,Mon Oct 30 06:09:42 +0000 2017
uber_31989,Uber_Support,31989,"@115873 uber team is completely useless I have raised my issue one week back still I haven't got any response, uber has charged extra money",@123080 Here to help! Send us a DM with your email address so we can assist.,Mon Oct 30 05:35:46 +0000 2017
uber_31991,Uber_Support,31991,Why do @115873 drivers insist on trying to drop you off down the street from your drop off location????? 🙄,@123081 Here to help! Send us a note via https://t.co/WFtPA6RjWt to assist you further.,Wed Nov 01 12:21:35 +0000 2017
uber_31993,Uber_Support,31993,"@Uber_Support India seems to be loosing the plot, shows me 3 mins to pick up when i book it shows 21 mins to pick, time to make a switch",@123082 That's not what we like to hear. Contact us through https://t.co/e8HVorX5rh so we can assist.,Wed Nov 01 12:18:26 +0000 2017
uber_31996,Uber_Support,31996,@Uber_Support The mail says it will be reflected in 2-3 days. Still not received. Its been so long now. Why do you charge wrong in the first place.,@123083 Sorry to hear about the trouble! Please reply to us in-app or by e-mail to continue communication on this. We're happy to help.,Wed Nov 01 12:10:52 +0000 2017
uber_32001,Uber_Support,32001,@Uber_Support Since 12Oct you are saying that 2 reversals will b credited in 2-3 days. Its November guys. Where are the reversals?#UberSucks,"@123083 We can see a member of our team has reached out via email. Due to the nature of this issue, please follow up there. Thanks!",Tue Oct 31 19:25:20 +0000 2017
uber_32444,Uber_Support,32444,"@115873 How come there aren’t any cars available in Cardiff, UK?",@123197 Here to help! Send us a note via https://t.co/xMxswVLBKT so our team can get in touch.,Wed Nov 01 12:31:16 +0000 2017
uber_32446,Uber_Support,32446,@115873 when I requested my ride it said $6. Now my receipt says $8? Any way to fix this?,"@123198 Here to help! Send us a note here, https://t.co/1xM0TILvAI, and our team will follow up.",Wed Nov 01 12:36:10 +0000 2017
uber_32448,Uber_Support,32448,@115873 why would you give me a ride that before I even got picked up it said my arrival would be delayed? That makes zero sense 🤷🏼‍♀️,@123199 Sorry to hear about that! Can you please contact us via https://t.co/593jusCquh so our team can connect.,Wed Nov 01 12:42:48 +0000 2017
uber_32450,Uber_Support,32450,"@Uber_Support Just so y’all can say thanks for your feedback? No, y’all suck!",@123200 We see your outreach and a member of our team will be following up via email as soon as possible. We appreciate your patience.,Wed Nov 01 13:23:18 +0000 2017
uber_32451,Uber_Support,32451,@115873 literally ruined my night! They charged me twice for one shitty ass ride and then charged me the whole price for a ride I split. 😒,@123200 Sorry for the trouble! Send us a note via https://t.co/1xM0TILvAI so we can connect right away.,Wed Nov 01 12:31:29 +0000 2017
uber_32455,Uber_Support,32455,Hey @115873 —pretty lame when your driver fails to show up at a major Miami hotel. #unreliiable. I better not be charged a cancellation fee.,@123201 Hi there! Please send us a note at https://t.co/QsI1vsvcif and we'll be happy to look into this for you.,Wed Nov 01 12:49:37 +0000 2017
uber_32457,Uber_Support,32457,@115877 waited a hour and a half for soggy food hahahaha,@122956 Sorry about the trouble! Please send us a DM with your email address and more details so we can connect.,Wed Nov 01 12:33:23 +0000 2017
uber_32459,Uber_Support,32459,@Uber_Support I have just had the worst experience with uber. My driver was terrible and charged 204$ for a 19 min ride.,@123202 Hi there! Please reach out to https://t.co/zUe0dj6yoX and fill out the 4 boxes at the bottom so we can get in touch.,Wed Nov 01 12:25:09 +0000 2017
uber_32461,Uber_Support,32461,Just got ripped off by @115873 in New Orleans! Surge pricing with high demand excuse when cars were sitting in a clump and not moving!#angry,@123203 We're here to help! Send us a DM with your email address and more details so we can follow up.,Wed Nov 01 12:28:30 +0000 2017
uber_32463,Uber_Support,32463,@115873 plz don’t allow drivers with license from one state to operate in a state far away! #breakingthelaw,@123204 We're here to help! Send us a note at https://t.co/fS660rQ8NQ so we can assist.,Wed Nov 01 12:21:13 +0000 2017
uber_34711,Uber_Support,34711,@115873 my trip &lt;8km was charged like &gt;30km trip,@123529 Here to help! Send us a note via https://t.co/ue84RGNpRP so our team can get in touch.,Wed Nov 01 13:23:00 +0000 2017
uber_34713,Uber_Support,34713,@Uber_Support The wrong trip is coming up when I click that link! I'm having trouble with this. 161 dollars is a ton for my short trip.Please help! Thanks,@123530 Can you please provide your account email so we can better connect? We will follow up.,Wed Nov 01 13:46:35 +0000 2017
uber_34716,Uber_Support,34716,"@Uber_Support Yes, __email__ thank you","@123530 Appreciate you providing that information, Alphonse. Please follow up with us via DM by clicking here. https://t.co/sd7yH5jmbJ",Wed Nov 01 13:55:51 +0000 2017
uber_34714,Uber_Support,34714,@Uber_Support hi I was charged unfairly for this trip. As you can see my driver drove in a circle. I would like to talk about this please! https://t.co/9fopjlzCEH,@123530 Here to help! Send us a note at https://t.co/y4EDPcVZOI so our team can connect.,Wed Nov 01 13:16:43 +0000 2017
uber_34719,Uber_Support,34719,"@Uber_Support hi. First time using and setting up Uber Eats. Tried to order, but now saying account disabled? Help!",@123531 We'll get this sorted out! Please send us a note at https://t.co/Md7v036OoC so our team can connect right away.,Wed Nov 01 13:02:50 +0000 2017
uber_34721,Uber_Support,34721,@115877 for £3:50 delivery i expect you to knock at my door then unpack my food. instead i get a call saying i can’t find your address.,@123532 Sorry for the trouble! Send us a note via https://t.co/nFTc4ODH3P so our team can get in touch.,Wed Nov 01 12:58:50 +0000 2017
uber_34723,Uber_Support,34723,Hey @115873. Issues with 2 separate Lux trips this morning. Really disappointed in my go to transpo app,@123533 Hi there! Please reach out to https://t.co/zUe0dj6yoX and fill out the 4 boxes at the bottom so we can get in touch.,Wed Nov 01 13:09:31 +0000 2017
uber_35350,Uber_Support,35350,@115873 beware uber defends there crazy drivers AFTER they email me with credits ?? geeze i'm trying to move on with my day !!,@116113 We were able to follow up with you via DM. Please get back to us there if you have any questions.,Wed Nov 01 13:37:38 +0000 2017
uber_35352,Uber_Support,35352,@Uber_Support it's the morning and you give me a Uber driver who took 30 min to get to me. I'm so fucking late to school,@123706 Here to help! Send us a note at https://t.co/e8HVorX5rh so our team can connect right away.,Wed Nov 01 13:42:08 +0000 2017
uber_35354,Uber_Support,35354,"@Uber_Support Dear uber support team , some one has hacked my uber account and debited my uber account of sgd 563.00. Request action",@123707 We're here to help! Please send us a note here; https://t.co/kGIXas5Cxg so our team can assist.,Wed Nov 01 13:39:37 +0000 2017
uber_35356,Uber_Support,35356,@115873 @Uber_Support am trying to explaining the issue with customer service along with the screenshot but they seem to not get it. Pls help,"@123708 Happy to help, Srinu! Can you DM us your email address associated with your Uber account so we can follow up?",Wed Nov 01 13:40:18 +0000 2017
uber_35358,Uber_Support,35358,"@Uber_Support Raised a complaint first thing this morning, email address on the account is __email__",@123709 We apologize for the trouble! We're currently reviewing your email and will connect right away.,Wed Nov 01 13:43:48 +0000 2017
uber_35359,Uber_Support,35359,Hi @115877 - had to leave my own birthday party to collect a cold food order from the restaurant last night. Thanks!,@123709 Here to help! Send us a note at https://t.co/OWBkgXcbMl so our team can connect right away.,Wed Nov 01 13:37:17 +0000 2017
uber_35363,Uber_Support,35363,@Uber_Support I wana change my uber profile from Australia to Malaysia.,@123710 Happy to help! Send us a message here; https://t.co/balq3Eyso6 and we'd be happy to take a look.,Wed Nov 01 12:50:15 +0000 2017
uber_35365,Uber_Support,35365,@Uber_Support Ive been charged money from you from my bank I havent booked a journey in ages and theres no journey for this amount on my app,@123711 Sorry for the trouble! Contact us via https://t.co/dInR3racif so we can connect right away.,Wed Nov 01 13:32:42 +0000 2017
uber_35367,Uber_Support,35367,@123713 Hi is this uber eats?,@123712 Uber support here! Please DM us with the details of your inquiry and we'll be happy to follow up. https://t.co/sd7yH5jmbJ,Wed Nov 01 13:29:08 +0000 2017
uber_35370,Uber_Support,35370,@Uber_Support I am having issues with the sign up process It has been 12 days since adding my licence and reges and this it taking very long,"@119220 We're here to help! Send us a note here, https://t.co/tv4psVy8sr and so our team will assist.",Wed Nov 01 13:22:37 +0000 2017
uber_36141,Uber_Support,36141,never use @115873 ever again. This is 2nd time a driver has seen me coming &amp; drove off. And Uber refuses 2 think their drivers are the best.,@123863 We take this very seriously. Please send us a DM with your email address so we can connect ASAP.,Wed Nov 01 13:47:25 +0000 2017
uber_36143,Uber_Support,36143,"@115877 @Uber_Support quite disappointed by your service. First use of the app, it has already been 4x the delivery time yet still no food",@123864 We're so sorry this was your experience. Please send us a note here; https://t.co/sYfnwE7umI so our team can assist.,Wed Nov 01 13:46:56 +0000 2017
uber_36145,Uber_Support,36145,Deliveroo and ubereats not delivering to my postcode does not bode well on days like today,"@123865 We're always looking to expand. You can go here https://t.co/67boQweyV0, for future updates.",Wed Nov 01 13:46:25 +0000 2017
uber_36147,Uber_Support,36147,Is @115877 available in Durban ? #twoogle,@123866 You can see our hours and delivery area at https://t.co/P4mEOOIdr4,Wed Nov 01 13:46:38 +0000 2017
uber_36149,Uber_Support,36149,@115873 The worst experience ever for me with UBER is in Dubai ! Long waiting time Limited number of drivers One category only for cars,@123867 Here to help! Send us a DM with your email address so we can assist.,Wed Nov 01 13:46:53 +0000 2017
uber_36151,Uber_Support,36151,"@115873 how do l leave feedback on the driver who kept me waiting 32 minutes, never answered my chat, and then canceled?",@123868 Here to help! Send us a note at https://t.co/e8HVorX5rh so our team can connect right away.,Wed Nov 01 13:43:28 +0000 2017
uber_36154,Uber_Support,36154,"@Uber_Support Above all, I had to pay the cancellation fee. 3rd instance in one week.",@123869 Sorry to hear about that! Can you please contact us via https://t.co/593jusCquh so our team can connect.,Wed Nov 01 13:43:50 +0000 2017
uber_36676,Uber_Support,36676,Took @115873 POOL yesterday. They tell me $3 &amp;change. End up charging $33.01. UberPOOL prices agreed upon before rider accepts. What the hell?,"@123996 Hi there! We're here to help. Send us a note here, https://t.co/W7UWSUTsIz and so our team will assist.",Wed Nov 01 14:11:15 +0000 2017
uber_36678,Uber_Support,36678,"Dear @115873 drivers... Don't have a full trunk, thanks. 2nd time this month there was no room for my suitcase. @Uber_Support.",@123997 Sorry to hear about that! Can you please contact us via https://t.co/593jusCquh so our team can connect.,Wed Nov 01 13:46:29 +0000 2017
uber_36680,Uber_Support,36680,I don't know how much more clear I can be with @115873 drivers and yet they still mess up my pick what. What was a 7min wait is going on 15.,"@123998 We're sorry to hear this was your experience. Send us a note here, https://t.co/593jusCquh, and our team will be in touch.",Wed Nov 01 14:10:50 +0000 2017
uber_36682,Uber_Support,36682,"@Uber_Support How do I get a refund for a ride when the driver never picked me up, but somehow started the ride and cancelled seconds later?",@123999 We're sorry to hear this was your experience. Contact us via https://t.co/e8HVorX5rh and we'll be in touch.,Wed Nov 01 14:09:26 +0000 2017
uber_36684,Uber_Support,36684,@Uber_Support What is the email? Isnt there a number i can contact??,"@124000 Hi there! At this moment, we don't offer phone support for these issues. Visit this link; https://t.co/sDFfqpmv0k so our team can assist",Wed Nov 01 14:10:25 +0000 2017
uber_36685,Uber_Support,36685,I need to speak to someone @115873 because this is a serious issue that getting out of hand and im pissed off,"@124000 Please send us specific details of your concern together with your email address, so we can better assist you.",Wed Nov 01 14:07:22 +0000 2017
uber_36688,Uber_Support,36688,"@115873 @Uber_Support in last 3 days I had been wrongly charged twice, reported both cases but no response by u all. Pathetic after service!",@124001 Sorry for the delay! Our team is currently reviewing your email and will follow up shortly.,Wed Nov 01 13:56:12 +0000 2017
uber_36691,Uber_Support,36691,@115873 whe. Your driver cancels after you wait forever because you have a dog #somuchfun -.-,@124002 Here to help! Send us a note via https://t.co/fS660rQ8NQ so our team can get in touch.,Wed Nov 01 13:52:21 +0000 2017
uber_36696,Uber_Support,36696,"Or @115873 I have a better idea, if a driver cancels a ride, the driver needs to pay the rider the same minimum rider pays if we cancel","@124004 We're sorry to hear this was your experience. Send us a note here, https://t.co/593jusCquh, and our team will be in touch.",Wed Nov 01 13:59:13 +0000 2017
uber_36698,Uber_Support,36698,@Uber_Support Yes and free food isnt there...,"@124005 We can look further into this with you, Charlie. Go ahead and DM us the email linked to your Uber account &amp; your country so we can review.",Wed Nov 01 14:02:01 +0000 2017
uber_36699,Uber_Support,36699,@115877 Where do i get the referral code?,@124005 Here to help! Please follow the link https://t.co/M2oCDvGYgt for more info.,Wed Nov 01 13:54:11 +0000 2017
uber_37676,Uber_Support,37676,@Uber_Support I haven’t received an email receipt of my 20th October 2017 trip. I looked on the app but don’t see how I can request it. Help,@124181 Here to help! Send us a note at https://t.co/hoNW4YbZKL so our team can connect right away.,Wed Nov 01 14:23:42 +0000 2017
uber_37678,Uber_Support,37678,@Uber_Support I just want my damn headphones back why is this so difficult. I sent the email please respond so i can get them from the driver.,"@124182 Hey, Tom. We've followed up via DM. Please continue to reach out to us there for further assistance. Thanks for your patience.",Wed Nov 01 14:28:24 +0000 2017
uber_37679,Uber_Support,37679,@115873 Left a pair of beats headphones in the back of my uber. After a shit show of a process getting a link to enter my number to connect to,@124182 We're so sorry for the trouble! Please send us a DM with your email address so we can assist.,Wed Nov 01 14:21:03 +0000 2017
uber_37682,Uber_Support,37682,@Uber_Support our driver cancelled the trip because we didn't know that we're already booked due to your app hanged and crashed.,@124183 We're so sorry for the trouble. Send us a note via https://t.co/e8HVorX5rh so we can assist.,Wed Nov 01 14:23:30 +0000 2017
uber_37684,Uber_Support,37684,@Uber_Support I have disputed my background check and now its clear. Would you please approve my profile.,@124184 We're here to help! Please send us a note here; https://t.co/tv4psVy8sr so our team can connect.,Wed Nov 01 14:18:55 +0000 2017
uber_37686,Uber_Support,37686,"@Uber_Support I'm already a registered driver, I've been driving for 3 years I can't figure out how to apply for a rental",@124185 We're here to help! Please send us a note via https://t.co/ZKt0NHVs3P so we can assist further.,Wed Nov 01 14:26:21 +0000 2017
uber_37687,Uber_Support,37687,@Uber_Support my car is in the shop can I get a rental to drive in?,@124185 Happy to help! Find out more info about rental car to drive here: https://t.co/IoFdS4vdqt,Wed Nov 01 14:11:33 +0000 2017
uber_38263,Uber_Support,38263,@115873 your background checks suck. My shady neighbor can drive Uber. I hope y'all background check again even after employed? #NYCStrong,@124313 Here to help! Contact us via https://t.co/tv4psVy8sr so we can connect.,Wed Nov 01 14:41:02 +0000 2017
uber_38265,Uber_Support,38265,@Uber_Support I paid twice today when i order by uber eat they cancelled the order then I reordered again why!!!,@124314 We're so sorry for the trouble! Please send us a note here; https://t.co/StKy7B0k57 so our team can connect.,Wed Nov 01 14:37:11 +0000 2017
uber_38267,Uber_Support,38267,@115873 I’m in one of your cabs currently and the driver is going well over the speed limit,"@124315 Hi there! We're here to help. Send us a note here, https://t.co/IeSxT5cVHC and so our team will assist.",Wed Nov 01 14:35:20 +0000 2017
uber_38269,Uber_Support,38269,@Uber_Support It said I don’t have taken any trips yet so I can’t type in anything from there.,@124316 Sorry to hear of the trouble! Please reach out to us here: https://t.co/FF2YGTGjuA so we can follow up on our end.,Wed Nov 01 14:40:13 +0000 2017
uber_38270,Uber_Support,38270,@115873 I accepted a ride for carpool to work on Uber but the app didn’t allow me to initiate it. So I didn’t get paid this morning.,"@124316 We apologize for the trouble! Send us a note here, https://t.co/M0yA0PXOgR, and our team will be in touch.",Wed Nov 01 14:27:26 +0000 2017
uber_38273,Uber_Support,38273,@Uber_Support I got locked out of my old account and Your system won't let me use my card on the new account. Help :(,@124317 We're here to help! Please send us a note here: https://t.co/QDn91Hiowq so our team can connect.,Wed Nov 01 14:33:17 +0000 2017
uber_38275,Uber_Support,38275,@Uber_Support I moved to a new street that is not in your map/GPS system yet Nothing in help - please advise! TY,@124318 Here to help! Send us a note at https://t.co/zUe0dj6yoX so our team can connect.,Wed Nov 01 14:32:25 +0000 2017
uber_38277,Uber_Support,38277,"Last time I f****** order from UberEATS, I want my money back now. #fail https://t.co/eFkTgwLXOK","@124319 We're happy to help, Moey. Please share details in DM, so we can follow up. https://t.co/sd7yH5jmbJ",Wed Nov 01 14:19:25 +0000 2017
uber_38279,Uber_Support,38279,@115873 many email to get $1.00 back from a toll. Toll Receipt proves I paid. Uber Help says they confirm it was $2.00. I paid $3.00,@124320 Happy to take a closer look! Send us a DM with your email address and additional details so we can connect.,Wed Nov 01 14:21:12 +0000 2017
uber_38899,Uber_Support,38899,"That's not fair that ur cc have a charge the day before it cut off, just because the uber's driver canceled..@115873",@124489 We're so sorry this was your experience. Please send us a note here; https://t.co/JyzdtQmyxT so our team can connect.,Wed Nov 01 14:57:17 +0000 2017
uber_38901,Uber_Support,38901,"@Uber_Support hi, your agent marked the case resolved without actually resolving it, is there someone I can escalate the issue to?",@124490 We're so sorry about that! Can you please send us a DM with your email address and additional details so we can assist?,Wed Nov 01 14:53:18 +0000 2017
uber_38903,Uber_Support,38903,"@Uber_Support hi, I could use help with using these promotional Uber credits. They don't automatically apply to my subsequent rides. Tnx! https://t.co/AvZjt3bGkw",@124490 Here to help! Please send us a note via https://t.co/lqVgKo4ZO3 so we can assist further.,Tue Oct 31 16:23:59 +0000 2017
uber_38905,Uber_Support,38905,"@Uber_Support I am already communicating w/someone in your Help department, they are not solving the issue, still trying to charge me $100",@124491 We're so sorry this was your experience. Please send us a DM with your email address so we can assist.,Wed Nov 01 14:56:32 +0000 2017
uber_38906,Uber_Support,38906,The crooks @115873 trying to charge me almost $100 for a ride from Dec 2016 that was deemed fraudulent by PayPal who reversed the charge 😒😒😒,@124491 Sorry to hear about the trouble. Please contact us using the following link; https://t.co/rMyIZ1kWhc.,Wed Nov 01 14:36:37 +0000 2017
uber_38909,Uber_Support,38909,Has anyone else had an awful experience with @115873 customer service? #Uber,"@124492 Please send us specific details of your concern together with your email address, so we can better assist you.",Wed Nov 01 14:43:25 +0000 2017
uber_38911,Uber_Support,38911,@Uber_Support You never actually answered my question in your DM response. I replied.,@124493 Here to help clarify! Go ahead and check your DM for further details.,Wed Nov 01 14:29:26 +0000 2017
uber_39692,Uber_Support,39692,"@115877 it also sucks that paytm is your only payment option in india, and you’re mixing billing with uber rides","@124692 We're here to help! Send us a note here, https://t.co/3eYc7uUEUm and our team will be in touch.",Wed Nov 01 15:06:53 +0000 2017
uber_39695,Uber_Support,39695,@Uber_Support the checkout isnt working it just spins on the loading thingy for ages i want my mcdonalds :(,@124693 Sorry to hear about the trouble. Please DM us the email address linked to your Uber account and we'll follow up.,Wed Nov 01 15:05:11 +0000 2017
uber_39697,Uber_Support,39697,@Uber_Support What areas specifically around the City of Toronto allow the use of an 8 year old car for UberX,@124694 We were able to follow up with you via DM. Please get back to us there if you have any questions.,Wed Nov 01 14:58:51 +0000 2017
uber_39699,Uber_Support,39699,@Uber_Support No that isn’t what I asked. I asked how I can ensure that one car will fit luggage for my family of 3.,"@124695 Once your ride request has been accepted, we recommend contacting your driver directly to inquire about space requirements for your family.",Wed Nov 01 15:21:03 +0000 2017
uber_39702,Uber_Support,39702,@Uber_Support But I need to know now this is a scheduled ride for Friday.,"@124695 Hi, Betsy. There is no way to confirm that information until you have been matched up with your driver once the request has been accepted.",Wed Nov 01 17:31:08 +0000 2017
uber_39700,Uber_Support,39700,@Uber_Support How can I confirm that a requested scheduled car will be large enough for luggage of 3 passengers?,"@124695 Here to help! For more info, please click here: https://t.co/WkYB3Wt9xd",Wed Nov 01 14:52:40 +0000 2017
uber_40582,Uber_Support,40582,@Uber_Support i am waiting for 15 minutes when waiting time was 5 minutes.. driver went right past me.. what is happening?,"@124907 We're here to help! Send us a note here, https://t.co/e8HVorX5rh and our team will be in touch.",Wed Nov 01 15:23:55 +0000 2017
uber_40584,Uber_Support,40584,@115873 how is it I can get charged because a driver’s lost on his way 2 me but said driver can cancel on me w/ no penalty for taking my time,@124908 We're so sorry for the trouble. Send us a note via https://t.co/h840Iouehc so we can assist.,Wed Nov 01 15:13:41 +0000 2017
uber_40586,Uber_Support,40586,@Uber_Support When I try to order an Uber I am told that my method of payment is invalid. Several friends in Sweden have the same issue.,@124909 Hey Olle! Can you please provide your account email so can look into this issue for you? We will follow up.,Wed Nov 01 15:19:54 +0000 2017
uber_40588,Uber_Support,40588,.@115873 but your drivers suck when they pick you up and start your ride without picking you up. And continue to drive away.,@124910 We see your outreach and a member of our team will be following up via email as soon as possible. We appreciate your patience.,Wed Nov 01 14:55:17 +0000 2017
uber_41282,Uber_Support,41282,@Uber_Support @125049 Hi I was charged twice for one trip. Will I receive a refund?,@125050 Here to help! Simply contact us via https://t.co/OhfgxSAY58 so our team can assist.,Wed Nov 22 20:13:47 +0000 2017
uber_41283,Uber_Support,41283,Repas froid et livraison avec plus de 40 minutes de retard. Inadmissible @115877 👎🏻 https://t.co/aWDDwwSnIM,@125049 Here to help! Send us a note at https://t.co/jP6giifgNM so our team can connect.,Wed Nov 22 20:05:15 +0000 2017
uber_41286,Uber_Support,41286,Just received my first @115877 delivery now that they're in my area. I was told the driver waited for a tip. Is that normal? https://t.co/6L5lCy9Lsw,@125051 Hi there! Please visit; https://t.co/r06229QMLK for more info. Please let us know if you have any other questions or concerns.,Wed Nov 22 20:03:10 +0000 2017
uber_41715,Uber_Support,41715,At @115873 city=#Kochi On uber pool. It was seen that drivers accidentally starts their journey before picking up. Uber must have a feature so that customer can approve the pick up. @Uber_Support,@125184 We've sent you a DM.,Wed Nov 01 15:41:58 +0000 2017
uber_41719,Uber_Support,41719,"@115873 why am i charged here, did not e1 start a trip. Please explain https://t.co/Sbsu7GskdB","@125186 We're here to help! Send us a note here, https://t.co/dInR3racif and our team will be in touch.",Wed Nov 01 15:32:05 +0000 2017
uber_41721,Uber_Support,41721,@115873 really unhappy with the service I received on Saturday night. I'd like to speak with someone about my concerns.,@125187 Hi there! It seems a member of our team has reached out to you. Please check your email and follow up with them there. Thanks!,Wed Nov 01 15:25:49 +0000 2017
uber_41724,Uber_Support,41724,WTF @115873 ⚠️ Either your drivers are faking the location or you got a really serious bug. Take a look at this insane trip. I urge a refund! https://t.co/Yph0e3bDI0,@125188 We're here to help! Send us a note via https://t.co/y4EDPcVZOI so our team can assist.,Wed Nov 01 15:27:38 +0000 2017
uber_42659,Uber_Support,42659,@Uber_Support called this uber like 8 minutes ago and he just started moving https://t.co/2VoSRpHuf7,@125431 We apologize for the trouble! Can you please contact us via https://t.co/593jusU1lP so our team can connect?,Wed Nov 01 15:51:22 +0000 2017
uber_42661,Uber_Support,42661,@Uber_Support We're having some issues with adding authorized users for Uber for Business. Can y'all help?,@125432 Here to help! Send us a note via https://t.co/KL7B4CB8pp so we can connect.,Wed Nov 01 15:51:21 +0000 2017
uber_42663,Uber_Support,42663,Yo @115873 you overcharged me. Fix it pleaseeee,@125433 Here to help! Send us a note via https://t.co/ue84RGNpRP so our team can get in touch.,Wed Nov 01 15:52:35 +0000 2017
uber_42665,Uber_Support,42665,@Uber_Support i cant see family accout trips in my app.. #help thank you 👍🏻,@125434 So sorry about that! Send us a message here; https://t.co/balq3Eyso6 and we'd be happy to take a look.,Wed Nov 01 15:51:41 +0000 2017
uber_42667,Uber_Support,42667,"@Uber_Support Okay I sent it , how long does it take for a response because This has never happened. Whenever I cancel instantly I get refunded",@125435 We can take a look for you. Please DM us your account email address and phone number so we can further assist. https://t.co/sd7yH5jmbJ,Wed Nov 01 16:24:24 +0000 2017
uber_42668,Uber_Support,42668,"@Uber_Support This is a problem, why was I charged for an uber that I didn’t take","@125435 We're here to help! Send us a note here, https://t.co/1xM0TILvAI and our team will be in touch.",Wed Nov 01 15:44:58 +0000 2017
uber_42672,Uber_Support,42672,@Uber_Support I swear yall better not just send me some bullshit about visiting your help website! That shit isnt helping just want my money back thanks:),@125436 We see your outreach and a member of our team will be following up via email as soon as possible. We appreciate your patience.,Wed Nov 01 15:53:48 +0000 2017
uber_42673,Uber_Support,42673,@Uber_Support This company's customer support is a joke! And y'all are a complete bullshit company! I am expectin a full refund asap:) thanks for the help,@125436 We apologize for the trouble! Send us a DM with your email address with additional details and we'll follow up.,Wed Nov 01 15:46:58 +0000 2017
uber_42678,Uber_Support,42678,@Uber_Support hi! I canceled my ride but I think someone got into my car because I just got charged. Help 😩,@125437 We apologize for the trouble! Can you please contact us via https://t.co/1xM0TILvAI so our team can connect?,Wed Nov 01 15:44:40 +0000 2017
uber_42680,Uber_Support,42680,@115873 I think riders should also be entitled to see their fare cost once the trip ends the same way the driver see’s the fare cost,"@125438 Here to help! Follow up here; https://t.co/SjsQQ8ofRq, and our team will connect right away.",Wed Nov 01 15:42:34 +0000 2017
uber_42682,Uber_Support,42682,@Uber_Support Somebody is using my account illegally . Your app and website do not address these issues . I have changed the password 5 times,@125439 Please send us a DM with your Uber account email address and phone number so we can follow up. https://t.co/sd7yH5jmbJ,Wed Nov 01 15:44:45 +0000 2017
uber_42686,Uber_Support,42686,@115873 whY don't you have a phone number available to your customers ?You don't address fraud. Please provide a phone #ubersecurityissues,"@125439 Sorry for the trouble! At this moment, we don't offer phone support. Visit this link https://t.co/balq3Eyso6 so we can connect right away.",Wed Nov 01 15:33:07 +0000 2017
uber_42688,Uber_Support,42688,When u wait in the airport and 7cars left and @115873 decided tolost my cue and put me back to 100+ car!! Wtf!,"@125440 We're so sorry for the trouble! For more info, please check this link; https://t.co/zZ6Y806fuk.",Wed Nov 01 15:42:44 +0000 2017
uber_42691,Uber_Support,42691,@115873 @Uber_Support Contact me immediately on 9936299682,@125441 Here to help! Send us a note via https://t.co/e8HVorX5rh so our team can get in touch.,Wed Nov 01 15:41:18 +0000 2017
uber_42695,Uber_Support,42695,@115873 please i need help!!! I need to contact a driver 3 hours ago because the driver has very inportant documents.,"@125442 We just got back to you via DM, Hermi.",Wed Nov 01 15:41:14 +0000 2017
uber_43384,Uber_Support,43384,@115873 why is there an extra charge taken out of my account?,@125620 What you're describing sounds like an authorization hold; https://t.co/0FF442OiW4.,Wed Nov 01 16:06:47 +0000 2017
uber_43387,Uber_Support,43387,"@Uber_Support Hi, I've received my Uber Eats gear, but the app is still not active. Could you update me on my application status?","@125621 We're here to help! Send us a note here, https://t.co/tv4psVy8sr and our team will be in touch.",Wed Nov 01 15:49:19 +0000 2017
uber_43389,Uber_Support,43389,@Uber_Support My fair was adjusted by THREE DOLLARS. Lol. I need a refund for the whole trip. And for the hour I’ve spent dealing with this. https://t.co/VBeqK0v3Ge,"@125622 Hi, we have followed up with your DM.",Wed Nov 01 16:20:54 +0000 2017
uber_43390,Uber_Support,43390,@Uber_Support sent a dm with my email. If I get another generic email response to my complaint I’m going to freak out. Thanks.,"@125622 We just got back to you via email, Christiana.",Wed Nov 01 15:55:42 +0000 2017
uber_43393,Uber_Support,43393,@Uber_Support plz help me in letting knw y I m nt able 2 buk ride its shwng nt avaliable in ur area bt if my frnds do d sme they r able 2,@125623 Here to help! Go ahead and check your DM for further details.,Wed Nov 01 16:04:18 +0000 2017
uber_43395,Uber_Support,43395,@Uber_Support Why I have to pay wait time charge when I was ahead of schedule and driver was late? Instead I should get a compensation.,"@125624 Hi, Kalyan. Please send us a note directly to discuss this further: https://t.co/rMyIZ1kWhc.",Wed Nov 01 15:50:23 +0000 2017
uber_43397,Uber_Support,43397,@Uber_Support I do not use Uber but I keep getting text messages from Uber. I am concerned about identity theft. How do we resolve this? Thx,@125625 Happy to help. Can you DM us some additional details so we can follow up? https://t.co/sd7yH5jmbJ,Wed Nov 01 15:58:09 +0000 2017
uber_43399,Uber_Support,43399,@Uber_Support still need help renting a car for this weekend. I don't know why I got a response from the leasing I don't want a lease.,@124185 Will you please DM us with your email address associated with your account? We'll look into it.,Wed Nov 01 15:59:14 +0000 2017
uber_43967,Uber_Support,43967,@Uber_Support The issue is the busy area fee was not flagged for me in the app you guys snuck it in you are supposed to highlight the fee and I tried to cancel right away this is ridiculous I'm NEVER using @115877 again and telling all my friends not to,@125748 We're so sorry for the trouble. Send us a note via https://t.co/3eYc7uUEUm so we can assist.,Sun Nov 26 00:56:47 +0000 2017
uber_43968,Uber_Support,43968,I'm in Toronto and @115877 is trying to scam me by not flagging a surcharge see please help a $14 surcharge is ridiculous and I immediately tried to cancel,@125748 The busy area fee helps us maintain the reliability &amp; speed of our service. You can try again later when there may be less demand.,Sun Nov 26 00:50:42 +0000 2017
uber_44030,Uber_Support,44030,"@Uber_Support I've already sent a note in the app about this driver in particular, but it seems every time I use your app, I get the worst drivers.",@125769 We can definitely take a look! Send us a DM with your email address and details so we can follow up.,Sun Nov 26 00:46:59 +0000 2017
uber_44033,Uber_Support,44033,Why come every time I use @115873 I get the shittiest driver ever.,@125769 Sorry for the trouble! Send us a note via https://t.co/fS660rQ8NQ so we can connect right away.,Sun Nov 26 00:44:10 +0000 2017
uber_44036,Uber_Support,44036,@Uber_Support hi i have a new phone and number i can’t locate the first time promo code for uber eats?,@125770 Happy to help! Find out more here - https://t.co/1cdccXoBDH,Sun Nov 26 00:49:41 +0000 2017
uber_44038,Uber_Support,44038,"@Uber_Support it is showing 18 minutes to arrival and driver cancels after 15 minutes it is not 1 trip 3 trips wasting 45 minutes early morning, if rider cancels nearby they charges rs50. Why don't u credit account with customers with same amount?",@125771 We can take a look! Send us a note via https://t.co/e8HVorX5rh so our team can get in touch.,Sun Nov 26 00:46:59 +0000 2017
uber_44040,Uber_Support,44040,"With such issues, can we really rely on @115873 @Uber_Support @115879 @AskLyft services ? Also, they don't have any customer care to contact for immediate assistance. #UberStories #LyftStories #NotGood https://t.co/kM9RICCVXp",@125772 Sorry to hear about the trouble. Please confirm your email address or phone number through direct message so we can further assist.,Sun Nov 26 00:43:55 +0000 2017
uber_44042,Uber_Support,44042,"@Uber_Support yet another failed UberEATS delivery missing half the meal. I only use it because of Amex monthly credits. Hey @AskAmex, can you provide credits to other ride share or food delivery services instead of just Uber for your Platinum card members?",@125773 We see your outreach and a member of our team will be following up via email as soon as possible. We appreciate your patience.,Sun Nov 26 00:41:43 +0000 2017
uber_44045,Uber_Support,44045,Actually getting sick of the amount of @115873 drivers that accept and cancel. It’s impossible to use them these days. And I’ve always referred people to them. 👎👎,"@125774 We can definitely take a closer look! Contact us here; https://t.co/593jusCquh , so we can help.",Sun Nov 26 00:44:40 +0000 2017
uber_44047,Uber_Support,44047,@Uber_Support lol your site sucks and won't let me select the right trip. It's not even giving me this trip as an option 🤔,@125775 Here to help. Please send us a DM of the email address connected to your account so we can further assist.,Sun Nov 26 00:41:34 +0000 2017
uber_44049,Uber_Support,44049,Spoke too soon. The bus was 22 minutes away so I grabbed an @115873 and this driver is taking me way out of the way from what is literally a straight shot up a major road......,@125775 Here to help! Send us a note at; https://t.co/y4EDPcVZOI so our team can assist.,Sun Nov 26 00:36:31 +0000 2017
uber_44055,Uber_Support,44055,"@Uber_Support serious issue, check DM asap",@125777 Here to help! For more info visit; https://t.co/tIssGmGAiz,Sun Nov 26 00:33:58 +0000 2017
uber_44058,Uber_Support,44058,Don’t expect any support from @Uber_Support. Might as well just keep sending emails and DM in their app. You are basically useless as a customer to them.,@116274 We have received your DM and will be reaching out there. Thanks!,Sun Nov 26 00:30:54 +0000 2017
uber_44060,Uber_Support,44060,"@115873 very bad morning to start with your poor customer experience. I had booked the cab from KR puram to GM palya (Bangalore). Just a 7km ride you estimated price is 104, but at drop point driver collected 119. Overall trip was sucks. Driver delay, mismatch fair etc. My NPS -1 https://t.co/PnJ9On0F7E",@125778 We're here to help. Send us a note at https://t.co/UrddKG8iSH so our team can connect.,Sun Nov 26 00:28:11 +0000 2017
uber_44062,Uber_Support,44062,@115873 better not get charged for this https://t.co/4falASw9aZ,@125779 Here to help! Follow up here; https://t.co/e8HVorX5rh and our team will connect right away.,Sun Nov 26 00:24:25 +0000 2017
uber_44634,Uber_Support,44634,@115873 UBER SUCKS @Uber_Support https://t.co/MTMIiNphiN,@125907 We're here to help! Please send us a DM with your email address and additional details of your concern.,Wed Nov 01 16:15:30 +0000 2017
uber_44640,Uber_Support,44640,"@Uber_Support Thanks, we’re almost there! My issue is different. I use another email for my acct; they signed up w/a gmail address I use - what2do?",@125908 Happy to take a look. Send us a DM with your email address so we can connect.,Wed Nov 01 16:25:53 +0000 2017
uber_44641,Uber_Support,44641,@115873 So difficult to contact Uber - someone signed up with my email address. How do I report this?,@125908 Happy to follow up. Send us a note at https://t.co/kGIXas5Cxg so our team can connect.,Wed Nov 01 16:07:45 +0000 2017
uber_44644,Uber_Support,44644,"@Uber_Support Over the weekend I order UberEats from Hooters in Charlotte. The food was cold and 2 items were missing, but only got a partial refund. Full refund needed.",@125909 Here to follow up! Please send us a DM with your email address so we can take a closer look.,Wed Nov 01 16:08:46 +0000 2017
uber_45607,Uber_Support,45607,"@115873 @Uber_Support this causes confusion, delays, &amp; unnecessary frustration 4 the client &amp; the driver, &amp; low ratings 4 drvrs #uber #Atlanta","@126099 We apologize for the trouble! Send us a note here, https://t.co/593jusCquh, and our team will be in touch.",Wed Nov 01 16:28:55 +0000 2017
uber_45609,Uber_Support,45609,So @115873 is telling me to meet my driver at the pickup point. I'm at the pickup spot. My driver is across the street. 10/10 GPS,@126100 Sorry to hear about that! Can you please contact us via https://t.co/593jusCquh so our team can connect.,Wed Nov 01 16:21:08 +0000 2017
uber_45611,Uber_Support,45611,Trying to get to the airport but our @115873 driver keeps using multiple maps and keeps having to make uturns. #baddriver,@126101 Happy to follow up. Send us a note at https://t.co/y4EDPcVZOI so our team can connect.,Wed Nov 01 16:24:05 +0000 2017
uber_45613,Uber_Support,45613,@Uber_Support I’d appreciate it if someone responded to my email please,@126102 Happy to help! Send us a DM with your email address and our team will follow up.,Wed Nov 01 16:21:22 +0000 2017
uber_45615,Uber_Support,45615,@Uber_Support driving with a perfect record and star rating is important to me . First time in two years I get a lost a negative issueshelp,@126103 We're here to help! Find out more about understanding ratings with this link: https://t.co/NZEeAzqoX0,Wed Nov 01 16:16:38 +0000 2017
uber_45617,Uber_Support,45617,"@Uber_Support only one trip from today, two payments from today...explain @115873 @Uber_Support https://t.co/SyBtBIB69o",@125620 We can always look into this extra charge for you. Please head on over to https://t.co/DceIRNI6kV so we can follow up.,Wed Nov 01 16:20:43 +0000 2017
uber_45620,Uber_Support,45620,@Uber_Support I rated my last driver 3 because of bad pickup/dropoff locations in the app. Not his fault but how do I report the bug?,@126104 Here to help! Send us a note via https://t.co/u3MyknJaaN so our team can connect.,Wed Nov 01 16:16:46 +0000 2017
uber_45622,Uber_Support,45622,@Uber_Support Luckily I wasn’t riding in the car with him. Don’t know who he was but here’s his license plate. https://t.co/Ne4L7UHCfy,"@126105 Thank you for providing that information, Daren. We'll pass this to the appropriate team for further review.",Wed Nov 01 17:37:21 +0000 2017
uber_45623,Uber_Support,45623,Hey @115873 how do I report a reckless Uber driver? One of your drivers just almost killed me on the freeway. He was doing over 100mph.,@126105 That is unacceptable. Please send us a DM with your Uber account email address so we can look into this immediately.,Wed Nov 01 16:11:54 +0000 2017
uber_45630,Uber_Support,45630,"@Uber_Support I keep getting texts from Uber to sign up to drive, I've typed STOP, but they keep spamming my text messages. Help plz! :)","@126108 We're here to help! Send us a note here, https://t.co/fyn3pRpCG3 and our team will be in touch.",Wed Nov 01 16:11:39 +0000 2017
uber_45632,Uber_Support,45632,@115873 It's been so disappointing using the app in the US and now in Mexico. Constant error processing requests. Help page doesn't help.,@126109 We're here to help! Send us a note via https://t.co/xMxswVLBKT so our team can assist.,Wed Nov 01 16:14:06 +0000 2017
uber_45634,Uber_Support,45634,@Uber_Support false charges on my credit card account. Please DM to resolve,@126110 We're here to help! Send us a note via https://t.co/dInR3racif so our team can assist.,Wed Nov 01 16:14:02 +0000 2017
uber_46596,Uber_Support,46596,"@115873 @Uber_Support worst customer service. No problem solving skills, I’ve been talking to a bot for 5 hours.",@126355 We have received your DMs and will follow up there. Thanks!,Wed Nov 01 16:47:31 +0000 2017
uber_46599,Uber_Support,46599,"Hi @Uber_Support I receive a email from ""__email__"" 4 generate invoice but i didn't request the invoice, the email is real or fake? https://t.co/K6NHzRnrph",@126356 Hi there! Please reach out to https://t.co/zUe0dj6yoX and fill out the 4 boxes at the bottom so we can get in touch.,Wed Nov 01 16:30:11 +0000 2017
uber_46601,Uber_Support,46601,@Uber_Support this just started happened recently.,@126357 We're sorry for the trouble! We're currently reviewing your email and will follow up shortly. We appreciate your patience!,Wed Nov 01 16:41:01 +0000 2017
uber_46603,Uber_Support,46603,@Uber_Support I just want to stop receiving PAPER MAIL. You can't tell me how to do that?,@126358 Sorry to hear about that! Send us a DM with your email address so we can follow up.,Wed Nov 01 16:49:24 +0000 2017
uber_46605,Uber_Support,46605,@Uber_Support Why hasn't anyone gotten back to me about deleting my address from your PAPER MAIL spam list? Must I contact @103596?,"@126358 Happy to help! For more information on Email, SMS, and push notification management, please visit us here; https://t.co/fyn3pRpCG3",Tue Oct 31 16:56:22 +0000 2017
uber_46607,Uber_Support,46607,@Uber_Support but in my account problem always reflected peak time i also complaint regarding this issue but its not resolved.,@126359 Thank you for getting back to us. Please send us a DM (direct message) with your account email and phone number so we can look into this.,Thu Nov 02 09:41:35 +0000 2017
uber_46611,Uber_Support,46611,@Uber_Support i think ur software problem,@126359 We've replied to your message via direct message and humbly ask you to check your messages.,Fri Nov 03 06:00:28 +0000 2017
uber_46608,Uber_Support,46608,@Uber_Support I am so confused about uber choice pool or uber go https://t.co/KCDouxKfRW,@126359 Happy to help. Please go here https://t.co/qKtgqiRdWs and https://t.co/9rCAVKmIyu for more info.,Wed Nov 01 16:45:01 +0000 2017
uber_46614,Uber_Support,46614,@Uber_Support can u define pool and uber go difference and its always shown x(peak time) time https://t.co/WPrgyGDLA4,@126359 Hi Ram! Be sure to check out more information by heading to https://t.co/PmKNLt9BJl. Any other questions? Click https://t.co/zUe0dj6yoX,Wed Nov 01 16:19:05 +0000 2017
uber_19667,Uber_Support,19667,@Uber_Support behaviour like gunda and i dont know tamil so he is abusing in tamil so please take action otherwise we will tke actn against hm also video,"@126359 Here to help! Send us a note here, https://t.co/TmWmJyGFaK, and our team will follow up.",Tue Oct 31 05:09:10 +0000 2017
uber_46617,Uber_Support,46617,@Uber_Support I know somebody better message me back ASAP cause y’all driver is harassing me,@126360 We absolutely want to follow up right away. Please send us a DM (Direct message) with your email address so we can connect.,Wed Nov 01 16:25:35 +0000 2017
uber_48482,Uber_Support,48482,@115873 y’all need an English n Spanish button because these Spanish drivers in Miami fuckin stupid,@126793 We're sorry to hear about your experience! Please contact us via https://t.co/z8NNR56eyf so we can follow up.,Wed Nov 01 17:04:12 +0000 2017
uber_48484,Uber_Support,48484,"@Uber_Support Thanks, but will not use #uber again.","@126794 Hi, Deepak. Please DM us for further follow up related to this cancellation.",Wed Nov 01 17:19:09 +0000 2017
uber_48486,Uber_Support,48486,"@Uber_Support Will never use #Uber again Driver cancels trip, I am charged Rs 47.25. 2nd time it has happened. @115873 ur drivers r conning..","@126794 We can take a closer look into this. DM us the email address and trip details, so we can follow up on this!",Wed Nov 01 17:01:03 +0000 2017
uber_48489,Uber_Support,48489,@Uber_Support how do i get a refund for a missed ride charge? I canceled when the driver drove past me 2x. I rescheduled and was fine.,@126795 Send us a DM with your email address so we can follow up!,Wed Nov 01 16:58:34 +0000 2017
uber_48493,Uber_Support,48493,@Uber_Support how do I purchase a ride pass? I received the email and there’s no option when I open the app,"@126796 Happy to help. You can go here https://t.co/3h8wdQ4EJK, to find out more info.",Wed Nov 01 17:03:16 +0000 2017
uber_48497,Uber_Support,48497,@Uber_Support That was in no way helpful. My app is up to date,"@126799 Hi, please DM us a screenshot of the Ride Pass email you received and we'd be happy to investigate further.",Wed Nov 01 17:12:52 +0000 2017
uber_48502,Uber_Support,48502,@Uber_Support @126799 I️ am experiencing the same issue and have been only receiving automated responses to my inquiries,@126801 We've been in touch via DM!,Wed Nov 01 17:52:42 +0000 2017
uber_48507,Uber_Support,48507,@Uber_Support An automated response full of copy/paste responses that have nothing to do with an individual customer case,"@126801 Please check your inbox for updates from us, Devlin. Thanks!",Wed Nov 01 20:40:59 +0000 2017
uber_48505,Uber_Support,48505,@Uber_Support I DM’d you. Still no response,@126799 Please check your inbox again for an updated message from us. Apologies for any confusion!,Thu Nov 02 18:35:06 +0000 2017
uber_48498,Uber_Support,48498,@Uber_Support hi I received the Ride Pass email and have used it in the past but it is not showing in the app,@126799 Hey! Please visit the link for more info. Let us know if you have further questions. https://t.co/FKBK5sbwQh,Wed Nov 01 17:07:37 +0000 2017
uber_48512,Uber_Support,48512,@Uber_Support @Uber_Support still my Uber app problem is not resolved,@126803 Sorry for the trouble! Can you please send us a DM with your email address and additional details so we can assist?,Sat Nov 04 08:11:17 +0000 2017
uber_48515,Uber_Support,48515,@Uber_Support Mobile number 9704464635 and mail id __email__,"@126803 Hi Chittibabu, our team is currently reviewing your email and will follow up. Thanks!",Sat Nov 04 12:10:15 +0000 2017
uber_48517,Uber_Support,48517,@Uber_Support Still it is not working,"@126803 Happy to follow up, Chittibabu. Our team has located your support inquiry and will be in touch.",Mon Nov 06 14:23:22 +0000 2017
uber_48513,Uber_Support,48513,@Uber_Support I got the following error from last couple of days https://t.co/pgPCjs6347,@126803 Here to help! Go ahead and check your DM for further details.,Wed Nov 01 16:51:26 +0000 2017
uber_48520,Uber_Support,48520,"@Uber_Support Hi. i keep getting this error while traying to place an order ""error verifying payment profile""",@126804 Sorry to hear about this. DM us the email address connected with your account profile so we can connect with you!,Wed Nov 01 17:03:45 +0000 2017
uber_48522,Uber_Support,48522,@Uber_Support why is it that you take so long to reply to drivers? And now you are holding my pay hostage? #waiting #thisisridiculous,@126805 We're sorry to hear this. Can you please send us a DM of your email address so we can look into this?,Wed Nov 01 16:51:08 +0000 2017
uber_48524,Uber_Support,48524,"@115873 driver just called me a ‘f**king idiot’, so I cancelled ride but got charged, rebooked but missed train. No customer service number??",@126806 We apologize for the trouble! Send us a DM with your email address with additional details and we'll connect.,Wed Nov 01 16:42:07 +0000 2017
uber_48526,Uber_Support,48526,"@Uber_Support hello, I’ve been having trouble on the app on IOS, it seems to not track my exact location when I open the app",@126807 We're here to help! Send us a note via https://t.co/u3MyknJaaN so our team can assist.,Wed Nov 01 16:40:00 +0000 2017
uber_50096,Uber_Support,50096,@Uber_Support Use👏🏾less 🙄 https://t.co/LprlFJIHWs,@127221 We've received your most recent in app support message and will be following up with you there.,Wed Nov 01 19:28:10 +0000 2017
uber_50095,Uber_Support,50095,@127223 @Uber_Support @Uber_Support needs to look into this and not just dismiss us without investigating!,@127221 Please connect with us at https://t.co/qHI8xcWfiW and a member of our team will follow up.,Wed Nov 01 17:37:03 +0000 2017
uber_50106,Uber_Support,50106,@115873 your app is glitching! I’m not getting the option to buy my Ride Pass despite being invited!!,"@127221 Ride passes sell quickly so if you're unable to see the option, this means they're unavailable. Sorry to hear about any inconvenience!",Wed Nov 01 17:05:08 +0000 2017
uber_50108,Uber_Support,50108,@Uber_Support I got a ride pass email on 10/30 and never got the email at 10am today.,@127224 We can look into this with you. Can you please send us a DM with your account email address? https://t.co/sd7yH5jmbJ,Wed Nov 01 17:10:16 +0000 2017
uber_50110,Uber_Support,50110,@Uber_Support had bad experience with Uber Tonite...my trips got reallocated and the last guy was 15 mins delay :-(,@127225 Sorry to hear this was your experience! Send us a note via https://t.co/e8HVorX5rh so our team can get in touch.,Wed Nov 01 17:26:36 +0000 2017
uber_50115,Uber_Support,50115,@Uber_Support @115873 Driver cancelled the trip still money got deducted frim my Paytm? Not sure what you guys are upto. Need refund,@127227 Hi there! Please send us a note at https://t.co/QsI1vsvcif and we'll be happy to look into this for you.,Wed Nov 01 17:10:50 +0000 2017
uber_50120,Uber_Support,50120,@Uber_Support why did I revive this if I can't even get a link to purchase it or in the app https://t.co/aoaTN2WAqa,"@126797 Happy to help, Anthony. Please check out https://t.co/3h8wdQ4EJK for additional details regarding the ride pass.",Wed Nov 01 17:35:55 +0000 2017
uber_50124,Uber_Support,50124,@Uber_Support I have. For all three trips. The charges are still there.,@127229 So sorry about that! Send us a DM with your email address so we can connect right away.,Wed Nov 01 17:25:58 +0000 2017
uber_50126,Uber_Support,50126,Hey @Uber_Support... Those THREE pending charges on my account for rides that I never took need to disappear ASAP.,@127229 We can take a look! Send us a note via https://t.co/1xM0TILvAI so our team can get in touch.,Wed Nov 01 17:08:13 +0000 2017
uber_50128,Uber_Support,50128,@Uber_Support you tease me with this email and never send me a link wtf Uber??? https://t.co/oa7x4WLxjc,"@127230 Hi, Tyler. Here to help, please DM us so we can follow up with you on this.",Wed Nov 01 17:13:09 +0000 2017
uber_50130,Uber_Support,50130,"@uber_support I left my mobile in an uber cab from mills st to Kloof st in Cape Town, SA in a Toyota eliotor at 6:30pm help!?",@127231 Sorry to hear that! Please DM us the email address linked to your account so we can follow up.,Wed Nov 01 17:13:05 +0000 2017
uber_50132,Uber_Support,50132,@Uber_Support Complaint already logged frm id __email__. Complaint number or ticket id not provided by u. -ve support frm ur side.,"@127232 Hi, Sagar. Please continue to follow up with the support inquiry and a member of our team will follow up. We appreciate your patience!",Wed Nov 01 17:59:26 +0000 2017
uber_50133,Uber_Support,50133,"@Uber_Support @115873 Disappointed with your service i.e. ""My driver asked for cash payment on a non-cash trip"" available under help option.",@127232 We'll get this sorted out! Please send us a DM with your email address so we can connect.,Wed Nov 01 17:13:26 +0000 2017
uber_50632,Uber_Support,50632,@Uber_Support I did send a DM and all you do is point me to your worthless help page on how to use a 'gift' credit? We already know how to do that but we can't use a gift that has not be sent! Done wasting time. I'll take it up w/ @AskAmex - protest charge,"@127360 Hi, we have followed up with your DM.",Wed Nov 22 23:02:49 +0000 2017
uber_50635,Uber_Support,50635,@Uber_Support More worthless info from @115873! It was MY credit card that was charged! And you want to speak to the recipient? smh Never mind. I'm done with this.,"@127360 We'll be sure to follow up with your DM, Steve.",Wed Nov 22 23:16:28 +0000 2017
uber_50633,Uber_Support,50633,@115873 drivers may be fast but @115873 itself is slow as molasses in January about applying a gift I sent to my son. How many hours does it take? Geesh!,@127360 We're sorry to hear this. Can you please send us a DM of your email address so we can look into this?,Wed Nov 22 22:43:38 +0000 2017
uber_50896,Uber_Support,50896,@Uber_Support @127425 I HAVE A PASS AND WAS REFRESHING THE APP EVERY 5 SECONDS FROM 9:55-10:15. YOU DIDNT SELL OUT. GET IT TOGETHER!!!,"@126802 Ride pass emails have gone out, if you did not receive one then you are not able to participate this month. Keep an eye out for next month.",Wed Nov 01 18:02:30 +0000 2017
uber_50901,Uber_Support,50901,@Uber_Support Why did @115873 email me about LA Flat Rates but then not have it available for me when I checked my app at 10am?? #angry👖😑,@127425 Hey there! Sorry about the trouble with purchasing the Ride Pass. Ride Passes are limited and do sell out fast.,Wed Nov 01 17:23:13 +0000 2017
uber_50913,Uber_Support,50913,@Uber_Support I went on to purchase the ride pass exactly at 10Am however It said it wasn't avaible,"@126800 Hi, we have followed up with your DM.",Wed Nov 01 17:20:23 +0000 2017
uber_50916,Uber_Support,50916,@Uber_Support I'm not the only one though with this issue - a lot of other people received the notification to purchase but never had the option to,"@127428 Please go here https://t.co/3h8wdQ4EJK, to find out more about ride passes.",Wed Nov 01 18:00:28 +0000 2017
uber_50917,Uber_Support,50917,"@115873 sis, you never gave me an email or an option to purchase in the first place https://t.co/zlwNQPXrSh","@127428 Hi, Noah. We would recommend keeping an eye out for further email communications related to the ride pass!",Wed Nov 01 17:31:35 +0000 2017
uber_50923,Uber_Support,50923,"@115873 Please help, how do I get the invite to @115873 #ridepass ??","@127431 Thanks for reaching out, Domenico. Passes are limited in your area - please visit https://t.co/vMKzBXlRcL for more information.",Wed Nov 01 17:13:29 +0000 2017
uber_50925,Uber_Support,50925,@Uber_Support your ride pass option to buy isnt showing up at all!!!,"@126798 We see your DM and will be in touch shortly, Jake.",Wed Nov 01 17:27:40 +0000 2017
uber_50928,Uber_Support,50928,@Uber_Support That doesn't answer my question. DM?,"@127432 Hi, Candice! Go ahead and check your DM for further details.",Wed Nov 01 17:57:10 +0000 2017
uber_50929,Uber_Support,50929,@115873 Hi. I received an email about L.A. ride pass and would like to purchase. How will I know if I am able to do so or access?,@127432 Please refer to https://t.co/vMKzBXlRcL for information on ride pass purchases.,Wed Nov 01 17:14:06 +0000 2017
uber_50932,Uber_Support,50932,@Uber_Support Got the email to get ready for ride pass but no email for the sale and nothing in app..,"@127433 Happy to help clarify, Drew! Please reach out here: https://t.co/zUe0dj6yoX for more info on ride passes.",Wed Nov 01 17:12:48 +0000 2017
uber_50934,Uber_Support,50934,@Uber_Support Surely this is just ripping off your customers. Why should a 5 mile journey be nearly £30? It wasn’t even Halloween it was the 1st of nov.,@127434 We can take a look! Send us a note via https://t.co/6IqAxVj2X4 so our team can get in touch.,Wed Nov 01 17:52:57 +0000 2017
uber_50937,Uber_Support,50937,@Uber_Support Turns out the route he took was 5 miles whereas the quickest was 3.2 miles,@127434 We're here to help! Send us a DM (Direct message) with your email address so we can assist.,Wed Nov 01 18:29:51 +0000 2017
uber_50935,Uber_Support,50935,Love to know why there was a x3.9 surge on my @115873 last night. A journey under 5 miles should have not cost me £26.91 https://t.co/O3LxhmhsUL,@127434 Hi there! Please visit; https://t.co/kkAwlbpH4B for more info. Please let us know if you have any other questions or concerns.,Wed Nov 01 17:42:46 +0000 2017
uber_50942,Uber_Support,50942,@2780 @Uber_Support no option to purchase ride pass and I’ve received the email and literally waiting to the exact second to purchase?,"@127435 Sorry to hear that, Dominic. Quantities are limited - please visit https://t.co/vMKzBXlRcL for more information.",Wed Nov 01 17:10:12 +0000 2017
uber_50944,Uber_Support,50944,@Uber_Support Is there a map that shows where Ride Pass covers in LA?,"@127436 Hi, Stacey! Thanks for reaching out. The Ride Pass section in the app will have all applicable info that you're seeking.",Wed Nov 01 17:11:31 +0000 2017
uber_50947,Uber_Support,50947,@Uber_Support @127437 Uber you never made it available to purchase!,"@127223 Hi, Nathan! Go ahead and check your DM for further details.",Wed Nov 01 17:43:16 +0000 2017
uber_50959,Uber_Support,50959,@115873 Ride pass was supposed to be available at 10 am in Los Angeles. Where is it?,@127437 Sorry to hear about the trouble purchasing! We have limited quantities of the packages. Stay tuned for other promotions in the future!,Wed Nov 01 17:10:28 +0000 2017
uber_51722,Uber_Support,51722,@Uber_Support hi! are you guys also able to assist with ubereats issues?,@127622 Hi there! Let us know if you have specific questions. We'll be happy to help.,Wed Nov 01 17:36:11 +0000 2017
uber_51725,Uber_Support,51725,"@Uber_Support @127623 I am eligible and was invited, never got the option!?!?","@127230 Hey, Tyler. We've followed up with your DM. Please reach out to us there for best further assistance.",Wed Nov 01 18:07:47 +0000 2017
uber_51728,Uber_Support,51728,@115873 you offered me Ride pass but no way to purchase. Help!,"@127623 If eligible, you should see a Ride Pass option in-app for purchase. Please note that quantities are limited; https://t.co/GVAGxiUj0l.",Wed Nov 01 17:21:06 +0000 2017
uber_51731,Uber_Support,51731,"Uberpass fail! I got an email about nov 1st sales @ 10am, received no link to buy in Los Angeles. @Uber_Support pls help a loyal rider out","@127624 We're here to help! For more info, visit us at; https://t.co/e8HVorX5rh.",Wed Nov 01 17:38:04 +0000 2017
uber_51734,Uber_Support,51734,@115873 my uber driver sexually harassed me last night reasons why I end up driving drunk SMH 🖕🏽,@127626 We want to follow up right away. Can you please send us a DM with your email address?,Wed Nov 01 17:40:29 +0000 2017
uber_51737,Uber_Support,51737,@Uber_Support I'm gonna assume my initial tweet got lost in the wave of similar tweets and send another. There was no link to buy the pass.,@127627 We've been in touch via DM!,Wed Nov 01 17:39:28 +0000 2017
uber_51740,Uber_Support,51740,@Uber_Support @115873 Today I was shown Rs190 during booking but at the end driver took &amp; overcharged me by showing Rs275 on his phone 😡😡,@127628 We're so sorry for the trouble. Send us a note via https://t.co/1xM0TILvAI so we can assist.,Wed Nov 01 17:36:46 +0000 2017
uber_51742,Uber_Support,51742,@Uber_Support I've DM'd you guys.,@127629 We see your DM and will be following up shortly!,Wed Nov 01 17:49:28 +0000 2017
uber_51744,Uber_Support,51744,Can @Uber_Support DM be back before I can’t purchase this damn flat rate thing,@127630 We see your DM and will follow up shortly!,Wed Nov 01 17:25:34 +0000 2017
uber_51747,Uber_Support,51747,@Uber_Support hello i recieved the email for the ride pass but see no option to purchase,"@127631 Hi Waseem, we see your DM and will be following up shortly.",Wed Nov 01 17:34:48 +0000 2017
uber_51749,Uber_Support,51749,@Uber_Support I got an email about a Ride Pass going on sale today at 10. How do I purchase one? Can’t seem to see a link in the email.,@127632 Please visit https://t.co/3h8wdQ4EJK to learn more.,Wed Nov 01 17:17:33 +0000 2017
uber_51751,Uber_Support,51751,@115873 @Uber_Support I can’t buy a ride pass.,"@127633 Here to help, Brian! We see your DM and will be in touch shortly.",Wed Nov 01 17:18:29 +0000 2017
uber_52331,Uber_Support,52331,@Uber_Support please respond to my DM,"@127770 Hi, we have followed up with your DM.",Wed Nov 01 17:27:13 +0000 2017
uber_53019,Uber_Support,53019,@Uber_Support @127426 Not true. Email was not sent out to all those that were invited.,"@127228 Riders are selected at random for ride pass eligibility, please visit https://t.co/3h8wdQ4EJK to learn more.",Wed Nov 01 18:46:30 +0000 2017
uber_53023,Uber_Support,53023,"@Uber_Support Again. Please stop sending me links with information I already aware of. Instead, honor what was said in the invitation email. Check my DM.","@127228 If you were eligible for ride pass, you would have received the email today. Please keep an eye out for the opportunity in upcoming months.",Wed Nov 01 18:56:54 +0000 2017
uber_53027,Uber_Support,53027,@Uber_Support Only people that are eligible for the pass receive the invite or else EVERYONE would receive one. This has never been an issue until now.,@127228 Sorry to hear about the trouble purchasing! We have limited quantities of the packages. Please stay tuned for future promotions. Thanks.,Wed Nov 01 20:34:27 +0000 2017
uber_53021,Uber_Support,53021,"@Uber_Support hi there! i received an email that Ride Pass would go on sale today at 10a, but still not seeing it. is it delayed?","@127426 Hey there, Rosie. Sorry about the trouble with purchasing the Ride Pass. Ride Passes are limited and do sell out fast.",Wed Nov 01 17:22:44 +0000 2017
uber_53032,Uber_Support,53032,@Uber_Support I received a promo but can’t activate it because you guys switched my email and there’s no one to call,@127951 We're here to help! Send us a DM with your email address so we can connect.,Wed Nov 01 18:15:18 +0000 2017
uber_53036,Uber_Support,53036,"@Uber_Support Please help!! I couldn’t buy a ride pass today and I desperately need one! I got email saying to get ready, but not 2 purchase",@127952 We've followed up via DM. Please check your messages for an update.,Wed Nov 01 18:01:52 +0000 2017
uber_53038,Uber_Support,53038,"@115877 mcDonald’s isn’t popping up on my app, fix this!",@127953 We've been in touch via DM!,Wed Nov 01 17:42:40 +0000 2017
uber_53040,Uber_Support,53040,@Uber_Support @127954 How come all of a sudden the NOVEMBER pass has people complaining but no other month has the same response?,@126802 We've been in touch via DM!,Wed Nov 01 18:52:38 +0000 2017
uber_53046,Uber_Support,53046,@Uber_Support hi! Trying to get the Los Angeles ride pass &amp; can't find it anywhere. Please help! Thank you:),"@127954 Riders are selected at random for ride pass eligibility, please visit https://t.co/3h8wdQ4EJK to learn more.",Wed Nov 01 17:41:17 +0000 2017
uber_53066,Uber_Support,53066,"@Uber_Support I signed onto Uber at 9:58 for the Uber Ride Pass in LA that went on sale at 10am, but the option was never available....","@127955 Riders are selected at random for ride pass eligibility, please visit https://t.co/3h8wdQ4EJK to learn more.",Wed Nov 01 17:41:05 +0000 2017
uber_53068,Uber_Support,53068,@Uber_Support why every two weeks it's something wrong with my damn uber,@127956 Please let us know some info about the issue you're having. Our team will follow up.,Wed Nov 01 18:07:11 +0000 2017
uber_53070,Uber_Support,53070,@Uber_Support @115873 Links broken. I feel it's cheating. The driver was still in the previous job. Need refund.,@120728 We're not seeing a cancellation fee. Please connect with us via DM so we can follow up. https://t.co/sd7yH5jmbJ,Wed Nov 01 18:45:43 +0000 2017
uber_53071,Uber_Support,53071,@Uber_Support @115873 Attempting to cancel costing me £4 even when the driver is completing the previous job and is 8 mins away. Sounds fraud.,@120728 We're here to help! Send us a note via https://t.co/h840Iouehc so our team can assist.,Wed Nov 01 18:08:59 +0000 2017
uber_53074,Uber_Support,53074,Just thinking about our RUDE ass @115873 driver. I've never been so disrespected. Driver acting like it was a free ride or something.NXA,@127957 Sorry to hear about that! Send us a note via https://t.co/TmWmJyGFaK so our team can get in touch.,Wed Nov 01 18:06:47 +0000 2017
uber_53076,Uber_Support,53076,@Uber_Support I’m trying to recover my account &amp; when asking for a text to be sent to my number I’m not receiving anything?,@127958 Here to help! Send us a note here; https://t.co/Md7v036OoC and our team will be able to assist!,Wed Nov 01 18:05:30 +0000 2017
uber_53078,Uber_Support,53078,"@Uber_Support @127960 @116276, pic 1 - the generic copy pasted reply taught to your bots. Pic 2, response with a threat when I said the response sucks. Great customer service. @1143 you just earned a new customer. Cc:@76401 https://t.co/pCk8NUJDjz",@127959 We have received your support request and a member of our team will follow up as soon as possible. Thanks!,Wed Nov 01 17:35:32 +0000 2017
uber_53081,Uber_Support,53081,"@Uber_Support Done. No proper category found, did the best I could. Hoping you will share the screenshots with your team. I swear if I receive another generic response from your bots, I will sue you! cc : @127960 @116276",@127959 Thank you for submitting that! A member of our team will be reaching out to you soon. Please continue to check the app for their response.,Wed Nov 01 16:11:44 +0000 2017
uber_53083,Uber_Support,53083,"@Uber_Support : raised issue about not getting Delhi/NCR promotions over 5 months ago. Still getting promotions from bangalore,where I haven't been since February. Time to move to @1143 for good, since you can't even get basics right. Details in DM. https://t.co/azX4FPxedg",@127959 Sorry to hear this was your experience! Please reach out to https://t.co/zUe0dj6yoX and fill out the boxes at the bottom so we can assist.,Wed Nov 01 14:44:44 +0000 2017
uber_53086,Uber_Support,53086,@115873 @Uber_Support help! Can’t get my ride pass to renew because there is no link in the app. It says I have 1 day left,@127961 We've been in touch via DM!,Wed Nov 01 17:20:28 +0000 2017
uber_53091,Uber_Support,53091,@Uber_Support I contacted/utterly disappointing. 3rd issue/month. Not interested in $ - want Uber to improve/address driver issues. Former loyal customer.,@127962 Sorry to hear this was your experience! Send us a DM with your email address so we can follow up.,Wed Nov 01 17:58:26 +0000 2017
uber_53094,Uber_Support,53094,"Looking for a telephone number for customer service for @115873. There has to be one, no?","@127962 At this moment, we don't offer phone support for these issues. We're sorry for any inconvenience. Please visit; https://t.co/balq3Eyso6.",Wed Nov 01 10:46:21 +0000 2017
uber_53096,Uber_Support,53096,@Uber_Support I’m disappointed in your customer service. I’ve been trying to purchase a ride pass and I haven’t received any feedback.,"@127963 We just got back to you via DM, Kymberlee.",Wed Nov 01 17:43:14 +0000 2017
uber_53098,Uber_Support,53098,@Uber_Support can someone explain to me why that about a year and a half ago prices were cut 3 times when gas in my area was under $2.00 a gallon. Now you have raised the booking fee 3 times and and price of gas is now $2.70 a gallon. Where is the driver increase? Come on guys.,"@127964 Here to help! Follow up here; https://t.co/SjsQQ8ofRq, and our team will connect right away.",Wed Nov 01 18:27:24 +0000 2017
uber_53622,Uber_Support,53622,"@Uber_Support I’ve reported three separate times about this incident, now it’s been 10 days and still radio silence from you guys. What gives?",@128123 Here to help! Please send us DM your email address with details so we can follow up.,Sat Nov 11 12:25:52 +0000 2017
uber_53623,Uber_Support,53623,@115873 and then stands there while I lug two suitcase and a few boxes into the car alone. also tells me I should have gotten an XL. unreal. 2/2,@128123 We're sorry to hear about your experience! Please contact us via https://t.co/z8NNR56eyf so we can follow up.,Wed Nov 01 18:29:38 +0000 2017
uber_53628,Uber_Support,53628,@Uber_Support I plan my entire monthly budget around the Ride Pass because I uber 10 times a week. That is 40 times a month. 40. Not a ride here or there,@128124 Oh no! it looks like this package is sold out. Please stay tuned for updates on future ride pass packages and other new promotions.,Wed Nov 01 19:44:30 +0000 2017
uber_53632,Uber_Support,53632,"@Uber_Support Of course it sold out, I WASNT TOLD WHEN IT WAS GOING TO BE AVAILABLE AGAIN TO PURCHASE IN TIME. Customer support is always condescending","@128124 If eligible, riders will receive a second confirmation email when the Ride Passes are available in your area. Stay tuned for other offers!",Wed Nov 01 20:49:53 +0000 2017
uber_53629,Uber_Support,53629,"@Uber_Support where's the email telling me when Ride Pass will be available? I Uber 10 times a week, twice a day M-F. Its pretty important",@128124 Simply follow the link for more info: https://t.co/3h8wdQ4EJK,Wed Nov 01 18:20:43 +0000 2017
uber_53636,Uber_Support,53636,@127960 @115873 #UBER #DELETEUBER #WORSTSUPPORT https://t.co/VRWO5wNT7n,@128125 We have followed up via DM.,Wed Nov 01 17:50:14 +0000 2017
uber_53638,Uber_Support,53638,"@Uber_Support been getting these for the past twenty minutes, how do I make it stop? https://t.co/xtXHMYNbGH",@128126 Here to help! Send us a note at https://t.co/kGIXas5Cxg so our team can connect.,Wed Nov 01 18:40:30 +0000 2017
uber_53640,Uber_Support,53640,"@Uber_Support trying to order food through uber eats for the first time, says it's valid til 31/12/17, upon order - ""Promotion code expired"" https://t.co/G6Ezu2NPM2",@128127 Here to help! Send us a note via https://t.co/h3vAjBLlBH so we can connect.,Wed Nov 01 18:44:54 +0000 2017
uber_53642,Uber_Support,53642,hey @Uber_Support i need a ride pass please thanks,@128128 We've followed up via DM. Please check your messages for an update.,Wed Nov 01 17:46:40 +0000 2017
uber_53645,Uber_Support,53645,@Uber_Support how do I make a complaint please?,@128129 Hi there! Please reach out to https://t.co/zUe0dj6yoX and fill out the 4 boxes at the bottom so we can get in touch.,Wed Nov 01 18:46:47 +0000 2017
uber_53647,Uber_Support,53647,Hey @Uber_Support do you send random SMS programs requesting users confirm the last four of their mobile number?,"@128130 We want to follow up, Scott. Can you please send a note our way via https://t.co/balq3Eyso6?",Wed Nov 01 17:44:13 +0000 2017
uber_53650,Uber_Support,53650,@Uber_Support You charged me a full ride for a cancelation fee. And your fucking app or website doesn't help. Where can I send an email?,@128131 We're here to help! Send us a DM with your email address so we can connect.,Wed Nov 01 18:17:58 +0000 2017
uber_53652,Uber_Support,53652,"@115877 if it's ""delivery to door"" why does every driver in Hoboken area tell me they can't leave their car? Am I missing something?","@128132 That's not what we like to hear, Elysa. Contact us through https://t.co/NwH1Sgj79J so we can assist.",Wed Nov 01 18:12:54 +0000 2017
uber_53668,Uber_Support,53668,"@Uber_Support Hmmm, heard that before!",@128136 Hi there! Please send us a DM with your email address so we can further assist.,Fri Dec 01 23:25:56 +0000 2017
uber_53670,Uber_Support,53670,@128137 I've been driving in Portland for about a month. I average 20 rides every time I go out - open to ALL trips I have not received one single promotion yet. In LA I had 2 nice promotions per week. What's up?,@128136 Here to help! Send us a note via https://t.co/WToW6dugx0 and we'll be in touch.,Fri Dec 01 23:22:02 +0000 2017
uber_53892,Uber_Support,53892,Once again my LAX @2780 driver cancels cause he doesn’t like my “destination.” Cmon.,@128199 Sorry to hear about the trouble. Please DM us your email address and the details so we can look into this for you.,Fri Dec 01 22:09:50 +0000 2017
uber_54010,Uber_Support,54010,@Uber_Support DM sent still no response,@128219 Hey there! We've just followed up with you via DM.,Fri Dec 01 22:30:24 +0000 2017
uber_54012,Uber_Support,54012,@Uber_Support I’m trying to sign in and it saying invalid password and it won’t send me a new password,"@128219 Here to help, Jazmin! Kindly send us a note here; https://t.co/Md7v036OoC so our team can assist.",Fri Dec 01 22:13:49 +0000 2017
uber_54058,Uber_Support,54058,I booked a ride on Wednesday and literally watched the guy set up the Lockito app. Kept giving him gist how I knew about it. He wasn’t perturbed. We got to my destination and ride was double the estimated amount. I gave him the fare and made a detailed report on the app. https://t.co/urw7BeOFw1,@128228 We apologize for the trouble! Send us a DM with your email address and we'll connect.,Fri Dec 01 22:59:22 +0000 2017
uber_54353,Uber_Support,54353,@Uber_Support see the DM please,"@128303 Hi, we have followed up with your DM.",Fri Dec 01 22:16:11 +0000 2017
uber_54485,Uber_Support,54485,@Uber_Support how long does it normally take to get support?,@126357 We see your DMs and we'll be following up there. Thanks for your patience!,Wed Nov 01 17:51:32 +0000 2017
uber_54487,Uber_Support,54487,@115873 Soo at this point I'm convinced y'all will let anybody drive for y'all like the person doesn't need to be able to read the gps right @115873,@128341 We apologize for the trouble! Can you please contact us via https://t.co/y4EDPcVZOI so our team can assist?,Wed Nov 01 18:35:29 +0000 2017
uber_54490,Uber_Support,54490,@Uber_Support why do some restaurants charge more on your app than in the actual restaurant?,@128342 Here to help! Send us a note at https://t.co/3eYc7uUEUm so our team can connect.,Wed Nov 01 18:37:47 +0000 2017
uber_54492,Uber_Support,54492,"@Uber_Support The promo code worked, but it won't let me take the ride",@128343 Happy to look further into this! Please reach out to us with screenshots of the error here: https://t.co/zUe0dj6yoX so we can follow up.,Wed Nov 01 19:21:59 +0000 2017
uber_54493,Uber_Support,54493,"@Uber_Support @115873 trying to use first free ride, wont work at all, please help, have all account information like cards linked as well.","@128343 Here to help! Send us a note here, https://t.co/lqVgKo4ZO3 and our team will follow up.",Wed Nov 01 18:31:39 +0000 2017
uber_54496,Uber_Support,54496,When @115873 charges you £5 for a cancellation fee when the driver never turned up plus they were the one who cancelled.. Perfect 🙃,@128344 We're so sorry for the trouble. Send us a note via https://t.co/h840Iouehc so we can assist.,Wed Nov 01 18:42:58 +0000 2017
uber_54498,Uber_Support,54498,@Uber_Support I just bought a new car 2 weeks ago.. can I drive for Uber with my temp paper tags?,@128345 We're here to help! Please send us a note here; https://t.co/ZKt0NHVs3P so our team can connect.,Wed Nov 01 18:36:41 +0000 2017
uber_54500,Uber_Support,54500,Hey @115873 and @Uber_Support do you all ever respond to help emails and pay back like your support said you would? You said on 10/22 you would pay me back $832.71 to my account that was miss charged. Still WAITING!!!!,@128346 We've been in touch via DM!,Wed Nov 01 18:33:37 +0000 2017
uber_54503,Uber_Support,54503,@Uber_Support Thank you so much but it’s giving me Detroit information I live in Los Angeles is it the same?,@128347 You can find inspection locations for LA here: https://t.co/EkAd047VfW,Wed Nov 01 19:10:17 +0000 2017
uber_54504,Uber_Support,54504,@Uber_Support Quick question where can I take my vehicle to get inspection? Is there a particular location?,"@128347 Here to help, Mayra. Simply follow the link to get your vehicle inspected: https://t.co/TeMWXqrljs",Wed Nov 01 18:33:20 +0000 2017
uber_54507,Uber_Support,54507,@Uber_Support Who can we contact about setting up an uber suggested pickup zone in STL?,@128348 Hi there! Please reach out to https://t.co/zUe0dj6yoX and fill out the 4 boxes at the bottom so we can get in touch.,Wed Nov 01 19:00:03 +0000 2017
uber_54509,Uber_Support,54509,"@115873 is there a reason why when I select issue ""Issue with my account"" I am getting this picture response? https://t.co/yj3mNf2yYf",@128349 We're here to help! Please send us a note here; https://t.co/QDn91HzZV0 so our team can assist.,Wed Nov 01 18:28:15 +0000 2017
uber_54918,Uber_Support,54918,"@115877 frustrating experience with you guys, won’t probably ever use the app again! Would be great if you had a customer service line to resolve issues right away..what a waste of my time!",@128444 Here to help! Send us a DM with your email address so we can follow up.,Fri Dec 01 22:47:03 +0000 2017
uber_55154,Uber_Support,55154,"@Uber_Support you were notable to help me. This happens last month too. Then you send the invitation again, when I'm not even eligible?!?!",@127230 We see your DM and will be keeping all communication there. Keep an eye out for our response!,Wed Nov 01 18:19:52 +0000 2017
uber_55157,Uber_Support,55157,@Uber_Support hey i signed up for uber a long time ago but never got my first free ride. could you guys help me get the free ride?,@128507 We're here to help! Please send us a note here; https://t.co/QDn91HzZV0 so our team can assist.,Wed Nov 01 19:22:52 +0000 2017
uber_55159,Uber_Support,55159,@Uber_Support That did not help. I got the email to purchase the ride pass but it wasn’t an option in my app when I opened it.,"@128508 Hi, Chris. To purchase the Ride Pass, you would have received a secondary email with a link.",Thu Nov 02 03:15:17 +0000 2017
uber_55160,Uber_Support,55160,@Uber_Support I received an email to sign up for ride pass but it will not present the option in app. Can you please help?,@128508 Find out more info about ride pass here; https://t.co/3h8wdQ4EJK,Wed Nov 01 19:00:53 +0000 2017
uber_55164,Uber_Support,55164,"@Uber_Support I signed up to do deliveries recently, but the page continues to say ""Hang tight"" and I haven't received any email...help?",@128509 We're here to help! Send us a DM with your email address so we can connect.,Wed Nov 01 19:00:53 +0000 2017
uber_55167,Uber_Support,55167,"@128511 @Uber_Support I call customer service they say to email you, I email it, they say, You contacted an address that does not accept email",@128510 We see your outreach and a member of our team will be following up via email as soon as possible. We appreciate your patience.,Wed Nov 01 18:45:24 +0000 2017
uber_55169,Uber_Support,55169,@115873 I was hit by a driver of yours and he didn't have insurance. Thought you should know.,@128512 We take this very seriously. Please send us a DM with your email address so we can connect ASAP.,Wed Nov 01 18:54:45 +0000 2017
uber_55171,Uber_Support,55171,"@Uber_Support I've been on your shit website 3 times, get someone the fuck on it already",@128513 We're here to follow up! Please send us a DM with your email address so we can take a closer look.,Wed Nov 01 19:22:18 +0000 2017
uber_55172,Uber_Support,55172,@Uber_Support how about you do your fucking job and unlock my account you crooks,@128513 Happy to take a closer look. Connect with us through https://t.co/Md7v036OoC and we'll be in touch.,Wed Nov 01 19:18:30 +0000 2017
uber_55175,Uber_Support,55175,@115873 your new system for invoice submission is really bad. I requested 15 days ago mi invoices and I have not received yet. Mexico,@128514 Here to help! Send us a note at https://t.co/yGRrTK9UC4 so our team can connect.,Wed Nov 01 18:49:05 +0000 2017
uber_55177,Uber_Support,55177,@Uber_Support a trip that was charged to my account is not showing up in My Trips.,@128515 Here to help. Send us a note at https://t.co/1xM0TILvAI so our team can connect.,Wed Nov 01 18:45:05 +0000 2017
uber_55978,Uber_Support,55978,Werd so @115873 just not gonna send me an email for flat rate and send it to ty?,"@128700 Happy to help! For more information on ride pass, please visit us here; https://t.co/3h8wdQ4EJK",Wed Nov 01 19:01:00 +0000 2017
uber_55981,Uber_Support,55981,"@115873 getting an addison lee home, I hope lyft moves here soon so I can watch your company struggle",@128701 Here to help! Please reach out to https://t.co/QDn91HzZV0 and fill out the 4 boxes at the bottom so we can get in touch.,Wed Nov 01 19:22:25 +0000 2017
uber_55984,Uber_Support,55984,@115877 Congratulations on the world’s worst customer service. I received less than half of the price as a refund for this spoiled mess https://t.co/397QkJNtV3,@128702 We apologize for the trouble! Send us a DM (Direct Message) with your email address and we'll connect.,Wed Nov 01 19:23:06 +0000 2017
uber_55986,Uber_Support,55986,"@Uber_Support only had half my order delivered, and can't seem to get anywhere on the app for it being redelivered?",@128703 Here to help! Send us a note at https://t.co/ZFaWy0Lkdu so our team can connect.,Wed Nov 01 19:35:54 +0000 2017
uber_55988,Uber_Support,55988,"@Uber_Support Not happy with just filling out forms, filled that out 20 minuets ago on the app!",@128704 We're here to help. Can you please send us a DM with your email address so we can look into this?,Wed Nov 01 19:44:26 +0000 2017
uber_55989,Uber_Support,55989,@Uber_Support Half my order not here and impossible to talk to you about it??,"@128704 We're sorry to hear this was your experience. Send us a note here, https://t.co/ZFaWy0Lkdu, and our team will be in touch.",Wed Nov 01 19:36:53 +0000 2017
uber_55993,Uber_Support,55993,@Uber_Support This reply doesn't help. I can't send a message to the team because I can't log in.,@128705 Oh no! Sorry about to hear that! DM us your account email along with details for assistance.,Wed Nov 01 19:38:53 +0000 2017
uber_55998,Uber_Support,55998,"Apparently my number is already assigned to an @115873 account, but it is not mine...","@128705 We apologize for the trouble, Nancy. Please send us a note at https://t.co/kGIXas5Cxg so our team can connect.",Sun Oct 29 03:20:22 +0000 2017
uber_56000,Uber_Support,56000,"@Uber_Support So it's ur fault, but our problem? I got the invite, but the link to purchase was NEVER up. https://t.co/Ar96vK0dTn","@127627 Hi, we have followed up with your DM.",Wed Nov 01 18:57:17 +0000 2017
uber_56003,Uber_Support,56003,@Uber_Support So does that mean that passes already sold out? I read the help page but was confused because I received an email last week.,@128706 We see your DMs and we'll be following up there shortly. We appreciate your patience!,Wed Nov 01 17:29:02 +0000 2017
uber_56005,Uber_Support,56005,@115873 Hi! Have Los Angeles ride passes gone on sale for November? I received an email but don't see an option to purchase one.,"@128706 We're here to help! For more info, visit us at; https://t.co/3h8wdQ4EJK.",Wed Nov 01 17:21:34 +0000 2017
uber_56008,Uber_Support,56008,@Uber_Support The 2nd question is why can't I add the PHX airport as a pickup location. I know how to do it. It's not accepting it.,@128707 We're so sorry about that! Can you please send us a DM with your email address so we can assist?,Wed Nov 01 19:13:38 +0000 2017
uber_56016,Uber_Support,56016,"@115873 I'm new to Uber. I need to edit the time of a pickup. How do I do it? Also, why can't I arrange a pickup from PHX Airport?","@128707 Happy to help, Michelle! Please reach out to https://t.co/zUe0dj6yoX and fill out the 4 boxes at the bottom so we can get in touch.",Wed Nov 01 13:03:47 +0000 2017
uber_56018,Uber_Support,56018,@128709 @128710 @128711 @128712 @3160 An @115873 driver with several violations. Background checked yeah 🙄🙄🙄,@128708 Here to help! Please send us a DM with your email address and more details so we can connect.,Wed Nov 01 19:10:09 +0000 2017
uber_56021,Uber_Support,56021,@Uber_Support 3 things missing from our uber eats mcdonalds order !!,@128713 We're so sorry for the trouble! Please send us a note here; https://t.co/ZFaWy0Lkdu so our team can assist.,Wed Nov 01 19:13:41 +0000 2017
uber_56023,Uber_Support,56023,"@Uber_Support Got a ""Get ready for Ride Pass"" email a few days ago but not the ""Ride Pass on sale now"" like before. scheduled for today 10am",@127625 We see your DM and will connect with you there shortly. Thanks for your patience.,Wed Nov 01 18:14:26 +0000 2017
uber_56026,Uber_Support,56026,"@Uber_Support thanks, but I don't see an opportunity to ""reach out"" on this page.",@128714 We're here to help! Send us a DM with your email address so we can follow up.,Wed Nov 01 20:45:53 +0000 2017
uber_56027,Uber_Support,56027,"@uber_support you sent me an alert to ""get ready"" for a promo. I did, and then you never gave me a chance to redeem it. Bad Experience.",@128714 Here to help clarify! Please reach out here: https://t.co/3h8wdQ4EJK for more info on purchasing ride passes.,Wed Nov 01 18:12:23 +0000 2017
uber_56030,Uber_Support,56030,@Uber_Support Does the Uber Driver app support Apple Watch? I checked partner help and couldn't find anything.,@128715 Here to help. Send us a note at https://t.co/FF2YGTGjuA so our team can connect.,Wed Nov 01 19:03:33 +0000 2017
uber_56032,Uber_Support,56032,@115873 when I request a black cari expect a blk car - not an old rundown dirty Lincoln sedan - this is not ok!!,@128716 We've been in touch via DM!,Wed Nov 01 19:02:56 +0000 2017
uber_56035,Uber_Support,56035,@Uber_Support Still waiting for my documents to be approved. It's been three days.,@128717 Hi there! Please visit; https://t.co/u2m6LgUm1D for more info. Please let us know if you have any other questions or concerns.,Wed Nov 01 19:11:14 +0000 2017
uber_57009,Uber_Support,57009,@Uber_Support Why should I send you more info? I gave you the drivers name and plate. I’m moving to @115879,@128915 We've followed up via DM.,Wed Nov 01 18:37:21 +0000 2017
uber_57011,Uber_Support,57011,@115873 attend to this driver. He canceled the job before showing up after calling me to see where I was going.That is not how this works. https://t.co/S1WGgMyvSS,@128915 We're so sorry this was your experience. Please send us a note here; https://t.co/fS660rQ8NQ so our team can assist.,Wed Nov 01 17:47:57 +0000 2017
uber_57015,Uber_Support,57015,"@Uber_Support yep, sent, waiting on reply! thanks",@128917 We've sent you a DM.,Wed Nov 01 20:14:31 +0000 2017
uber_57016,Uber_Support,57016,"@115873 Driver was 1 min away for 10. Tried to call/text, no reply. Forced me to cancel so I could order another. No refund bc “policy” is BS",@128917 We've been in touch via DM!,Wed Nov 01 19:47:23 +0000 2017
uber_57020,Uber_Support,57020,@Uber_Support I would love to but 'The email cannot be recognized by Uber.' Absolutely useless,"@128918 Hi, Maddy. Our team has sent supporting information to your email address, please check all your folders to see our reply.",Wed Nov 01 19:53:18 +0000 2017
uber_57023,Uber_Support,57023,@Uber_Support I have checked and found no emails in any folders,@128918 We're very sorry to hear about the trouble. We've escalated your concern and a member of our team will be in touch as soon as possible.,Thu Nov 02 10:25:09 +0000 2017
uber_57021,Uber_Support,57021,My Uber account hacked twice in two weeks. SORT IT OUT! Two factor authentication on #fail #uber @Uber_Support,"@128918 Here to help! Follow up here; https://t.co/J1AzB6DDDr, and our team will connect right away.",Wed Nov 01 19:35:39 +0000 2017
uber_57027,Uber_Support,57027,@Uber_Support Any other suggestions please?,"@128919 Happy to help! Send us a note here, https://t.co/6wkWDpzGXc, and our team will follow up.",Wed Nov 01 19:29:48 +0000 2017
uber_57030,Uber_Support,57030,"@Uber_Support Hi, how do I delete account if I mistakenly inputted wrong email address? The account has my mobile number and credit card!",@128919 Hey John! Please visit the link for more info https://t.co/T9QCqACqox,Thu Oct 05 23:19:39 +0000 2017
uber_57032,Uber_Support,57032,My @115873 driver was rude as hell told me to cancel my fucking trip cause he couldn't come down my street,"@128920 We're sorry to hear this was your experience. Send us a note here, https://t.co/593jusCquh, and our team will be in touch.",Wed Nov 01 19:30:28 +0000 2017
uber_57034,Uber_Support,57034,You guys doin nothing @115873 https://t.co/RyF9Tn8tZ4,@128921 Looks like our team has connected with you via our in app-support. Please follow up there if you have any questions.,Wed Nov 01 18:34:47 +0000 2017
uber_57036,Uber_Support,57036,@Uber_Support hi I received a notification about the ride pass sale but there was no follow up email or a prompt section on the app. https://t.co/YzNOq8uX0l,@128922 We've been in touch via DM!,Wed Nov 01 18:01:36 +0000 2017
uber_57039,Uber_Support,57039,@115873 I'm getting really weird text messages from a (201) area code saying they need to confirm my phone #... https://t.co/x6XFCHVBaK,@128923 Happy to take a closer look. Connect with us through https://t.co/kGIXas5Cxg and we'll be in touch.,Wed Nov 01 19:25:15 +0000 2017
uber_57041,Uber_Support,57041,"@Uber_Support I've been told the charges are correct, but no one will detail them. I've been a customer three years, this is ridiculous. https://t.co/23uHS8HGDr",@128924 We apologize for the trouble! We're currently reviewing your email and will connect right away.,Wed Nov 01 19:57:23 +0000 2017
uber_57042,Uber_Support,57042,"Hey @115873, how the hell do you get to $126 for this ride? Published rates do not add up. I will be refusing charges. https://t.co/TXiWFWbvVx",@128924 We're so sorry for the trouble. Send us a note via https://t.co/1xM0TILvAI so we can assist.,Wed Nov 01 19:22:17 +0000 2017
uber_57522,Uber_Support,57522,@Uber_Support I have never order from Uber eats before can I get I get a first time order credit?,@129052 Simply follow the link to get free food: https://t.co/qfimGYE4QO,Wed Nov 01 19:51:08 +0000 2017
uber_57524,Uber_Support,57524,First time using @115877 and never received my order or a phone call trying to reach me. No lunch for me today. #fail #uberfail #hangry,"@129053 We're here to help! Send us a note here, https://t.co/nFTc4ODH3P and our team will be in touch.",Wed Nov 01 19:52:47 +0000 2017
uber_57526,Uber_Support,57526,"@Uber_Support it's been saying ""arrival in 9 mins"" for about 15 mins. I don't want to pay £5 to cancel. Help please. https://t.co/dmSyAOvgdB",@129054 We're so sorry for the trouble. Send us a note via https://t.co/e8HVorX5rh so we can assist.,Wed Nov 01 19:53:11 +0000 2017
uber_57528,Uber_Support,57528,@115873 why are you double charging me?? I’ve tried to contact y’all for a long time. No response. #RefundPlease,@129055 We're so sorry for the delay! Please send us a DM with your email address so we can connect.,Wed Nov 01 20:04:09 +0000 2017
uber_50910,Uber_Support,50910,"@Uber_Support @115873 This happened to a bunch of my coworkers as well, it's BS.",@127425 Only select riders will have the opportunity to purchase while this product is still in its testing phase.,Wed Nov 01 18:47:32 +0000 2017
uber_57532,Uber_Support,57532,@Uber_Support Did that 20 min ago 😕,@129056 We're here to help! Send us your email address so we can connect.,Wed Nov 01 20:15:00 +0000 2017
uber_57533,Uber_Support,57533,@115873 @Uber_Support left my purse in ride. Help!!!! #strandedinDC,@129056 We're here to help! Please send us a note here; https://t.co/rOtqyWzf0B so our team can connect.,Wed Nov 01 19:52:57 +0000 2017
uber_57537,Uber_Support,57537,@Uber_Support I need help my food was cancelled for no reason.,@129057 Here to help! Send us a note via https://t.co/StKy7B0k57 so our team can get in touch.,Wed Nov 01 19:48:35 +0000 2017
uber_57539,Uber_Support,57539,@Uber_Support I'm done with y'all. I can't get a week without some crap happening. Imma give Lyft a try. I heard great things. ✌,"@129058 We've responded via DM, please check your messages.",Wed Nov 01 19:14:00 +0000 2017
uber_58207,Uber_Support,58207,"@Uber_Support I hope it’ll actually be helpful bc I already sent a message through the app, &amp; whoever responded just sent me a link to a page(not helpful)","@129218 Please respond to Vishal's in app support message for further assistance with this, Nikki. Happy to help you further there.",Wed Nov 01 20:54:11 +0000 2017
uber_58208,Uber_Support,58208,@Uber_Support @Uber_Support i shouldn’t be charged a fee when the driver was waiting at the wrong pick up location...,@129218 Here to help! Send us a note via https://t.co/WJq5jsdLlf so our team can get in touch.,Wed Nov 01 20:09:11 +0000 2017
uber_58212,Uber_Support,58212,@Uber_Support I have 5 charges on my account from California. I don’t live or work in California. I’ve been emailing with you all day...,@129219 We're here to help! Please send us a DM with your email address so we can assist.,Wed Nov 01 20:23:01 +0000 2017
uber_58214,Uber_Support,58214,@Uber_Support I cancel a ride five minutes before it arrives and two mins after booking and you charge me £5??!! Bloody cheek. Sort it out!,@129220 Sorry to hear that! Please send us a note here: https://t.co/QsI1vsvcif so we can follow up.,Wed Nov 01 20:11:21 +0000 2017
uber_58216,Uber_Support,58216,"@Uber_Support That's why I'm sending you a tweet, how is it possible that you deliver to addresses across from me and around, can you check pic above?","@129221 We're working hard to expand our service area, Dado! Stay tuned to our website for updates: https://t.co/Mf9vzZ0uru",Wed Nov 01 20:45:29 +0000 2017
uber_58217,Uber_Support,58217,@115877 How is this acceptable and possible? You're delivering everywhere in my town except my neighborhood. #FirstWorldProblems https://t.co/7lwsiCg0tV,"@129221 Here to help, Dado. You can see our hours and delivery area at https://t.co/P4mEOOIdr4",Wed Nov 01 20:14:42 +0000 2017
uber_58220,Uber_Support,58220,@115873 This is the most dishonest company I’ve ever dealt with in my life,"@129222 We're here to help! Send us a note here, https://t.co/dInR3racif and our team will be in touch.",Wed Nov 01 20:05:06 +0000 2017
uber_58862,Uber_Support,58862,@115877 doesn't work! still asking me to confirm with a code but there's always an error! Why do i even need this code now? #badservice,"@129404 We apologize for the trouble! Send us a note here, https://t.co/OtyWJkxVia, and our team will be in touch.",Wed Nov 01 20:17:41 +0000 2017
uber_58865,Uber_Support,58865,@Uber_Support Banning me and don't give a reason. Very professional of you guys and responding after 6 hours,@129405 Hey Iman! Our team has recently responded via email. Please reply there if you have additional questions!,Wed Nov 01 21:49:01 +0000 2017
uber_58869,Uber_Support,58869,@Uber_Support I haven't gotten no responds,@129405 Any applicable updates will be through in-app support. We're unable to update accounts on social media. We appreciate your patience.,Wed Nov 01 21:59:39 +0000 2017
uber_58866,Uber_Support,58866,@Uber_Support waiting on a response.,@129405 A member from our team will follow up with you as soon as possible so we can sort this out.,Wed Nov 01 19:20:44 +0000 2017
uber_58873,Uber_Support,58873,Last night I ordered Uber Eats and 25 minutes in when I was about to get my food they CANCELLED on me. You've hurt me @115877,@129406 Here to help! Send us a note via https://t.co/StKy7B0k57 so our team can get in touch.,Wed Nov 01 20:29:02 +0000 2017
uber_58879,Uber_Support,58879,"@115873 freaking dumb af, they charged me twice for a trip, now I’m stranded somewhere and don’t know what to do. Might switch to @115879.",@129408 We're so sorry for the trouble. Send us a note via https://t.co/zJ6aIZinzb so we can assist.,Wed Nov 01 20:29:33 +0000 2017
uber_58881,Uber_Support,58881,@115877 2nd time food has gone missing an hour after ordering. Awful cust service too. Anything you can do to stop us deleting app?,@129409 We're here to help! Send us a DM with your email address so we can connect.,Wed Nov 01 20:22:00 +0000 2017
uber_58884,Uber_Support,58884,@Uber_Support Would also like to mention I’m taking this to the Better Business Bureau. How do you determine who gets the pass or not?,"@129410 Happy to help. You can go here https://t.co/3h8wdQ4EJK, to find out more info about ride passes.",Wed Nov 01 19:47:27 +0000 2017
uber_58889,Uber_Support,58889,@129411 @Uber_Support Me too,"@127950 Here to help! For more info, please click here: https://t.co/3h8wdQ4EJK",Wed Nov 01 20:30:12 +0000 2017
uber_58893,Uber_Support,58893,@Uber_Support Twice this week UberEATS drivers have attempted to delivery food to my home address ... but the rub is no one here ordered anything.,@129412 We're here to help. Can you please send us a DM with your Email address so we can look into this?,Thu Nov 02 02:44:40 +0000 2017
uber_58894,Uber_Support,58894,So how does UberEats work? Does the person ordering pay online to the vendor and to the driver? Or is payment due... https://t.co/rdui3AlHyk,@129412 We're here to help! Find out more about how to order UberEATS through this link: https://t.co/OSXElQiYDD,Wed Nov 01 20:09:58 +0000 2017
uber_58898,Uber_Support,58898,"@115873 I've been have an annoying time lately ordering an Uber for work, and watching as the driver sits in the same spot for 5-7+ mins.",@129413 We can take a look! Send us a note via https://t.co/e8HVorX5rh so our team can get in touch.,Wed Nov 01 20:17:07 +0000 2017
uber_58901,Uber_Support,58901,"Can't believe my @115873 driver stinks so much, that it actually competes with the brand new car smell his whip has... #smh",@129414 We're here to help! Please send us a note via https://t.co/aBEgvdNWQN so we can assist further.,Wed Nov 01 20:12:39 +0000 2017
uber_58903,Uber_Support,58903,Do yourselves a favor and don't use @115877 no matter how tired you are. They are absolute crap!!!! Never again. Almost 2 hrs and still nothing 😒,@129415 We're so sorry for the trouble! Please send us a note here; https://t.co/aZ6Ktyb1LN so our team can assist.,Wed Nov 01 20:13:01 +0000 2017
uber_59613,Uber_Support,59613,"@115873 drivers trying to scam me by taking photos of spilled food + saying it happened a week earlier, refuses to refund. SAD! @116276. https://t.co/Pk8i28vtqR",@129601 We're so sorry about that! Please send us a DM with your email address with details so we can connect.,Wed Nov 01 20:34:04 +0000 2017
uber_59615,Uber_Support,59615,Appreciate it @Uber_Support @115873 details are in your inbox! Thank you https://t.co/cA3eerb83F,"@129602 We've sent an updated message via DM, Veronika. Please check your inbox! Thanks.",Wed Nov 01 19:31:07 +0000 2017
uber_59633,Uber_Support,59633,I was late to the Mario midnight release because I couldn't find a non Muslim cab or @115873 @115879 driver for over 30 min! This is insanity.,@129603 Sorry for the trouble! Please send us a DM with your email address and phone number so we can connect.,Wed Nov 01 20:40:06 +0000 2017
uber_59635,Uber_Support,59635,@Uber_Support I keep getting Uber codes sent by text message to my phone. Are these for rides or is someone trying to use my account?,@129623 Hi there! Please reach out to https://t.co/kGIXas5Cxg so we can get in touch.,Wed Nov 01 20:40:52 +0000 2017
uber_59637,Uber_Support,59637,"@115873 driver takes one look at my drag queen self; fingers his app and, drives off. Maybe it is time to look at London Alternatives. #Fuming",@129624 We take this very seriously. Please send us a DM with your email address so we can connect ASAP.,Wed Nov 01 20:38:13 +0000 2017
uber_55996,Uber_Support,55996,@Uber_Support It's a never ending circle of the worst #ux! You should list a customer support phone number for people who can't actually log in.,"@128705 Hey, Nancy. We've followed up via DM. Please reach out to us there for further assistance. Thanks for your patience.",Wed Nov 01 19:42:45 +0000 2017
uber_59641,Uber_Support,59641,I got a abuse report by the driver and my account got locked. I DID NOTHING. I AM ALWAYS A GOOD RIDER. PLEASE HELP ME OUT. @Uber_Support,@129625 We've been in touch via DM!,Wed Nov 01 19:36:03 +0000 2017
uber_59643,Uber_Support,59643,Ffs I really need to stop using @115873 fucking driver has taken me to Westfiled 😡🙈 that’s not the address or the postcode of where I’m going!,@129626 Hi there! Please send us a note via https://t.co/WFtPA6RjWt so we can assist further.,Wed Nov 01 20:31:18 +0000 2017
uber_59645,Uber_Support,59645,@Uber_Support How are complaints processed? Is it going to cost me even more as it's done via text? Service I received yesterday was an utter joke.,@129487 Hi Chloe! We see your outreach and a member of our team will be following up via email as soon as possible. We appreciate your patience.,Thu Nov 02 08:27:03 +0000 2017
uber_59646,Uber_Support,59646,"@Uber_Support can someone please explain to me why I have been overcharged my quote,made to walk to diff pick up point &amp; take long way home?",@129487 Here to help! Send us a note via https://t.co/6IqAxVj2X4 so our team can get in touch.,Wed Nov 01 20:33:54 +0000 2017
uber_59649,Uber_Support,59649,"@115877 Great job, another incomplete delivery!","@129627 We're here to help! Send us a note here, https://t.co/rpgpQWLRtD and our team will be in touch.",Wed Nov 01 20:30:26 +0000 2017
uber_59652,Uber_Support,59652,@Uber_Support I have been tweeting you all day with no response,@129628 Sorry to hear about the trouble purchasing! Please visit https://t.co/vMKzBXlRcL for more information.,Wed Nov 01 20:26:03 +0000 2017
uber_59659,Uber_Support,59659,@115877 hurry up and deliver to birtley please :(,@129630 We're working hard to expand our service area! Stay tuned to our website for updates: https://t.co/6rZp3XyWol,Wed Nov 01 20:30:19 +0000 2017
uber_59661,Uber_Support,59661,"@Uber_Support i recently corrected my bank acct number, which must have been the problem with depositing funds.",@129631 Hi! A member of our team has followed up directly with more info. Please check your email inbox or in-app thread to review that outreach.,Wed Nov 01 21:41:12 +0000 2017
uber_59663,Uber_Support,59663,@Uber_Support Sorry for my error. i updated my bank info. When can i expect deposits to be made from past 2 weeks?,"@129631 Hey, Mark. Stay in touch with our support team via in-app, and we will continue communications there moving forward. Thank you!",Wed Nov 01 19:48:13 +0000 2017
uber_59667,Uber_Support,59667,"@115877 Hello, i accidentally entered my account number wrong for direct deposit. Please contact me 206-981-1056","@129631 We see that you've reached out directly to our support team via in-app, and we will continue communications there moving forward.",Wed Nov 01 19:33:45 +0000 2017
uber_60339,Uber_Support,60339,@Uber_Support My co-worker received an email re Ride Pass availability this morning. It isn't fair!,"@129799 We're here to help! For more info, visit us at; https://t.co/3h8wdQ4EJK.",Wed Nov 01 20:55:36 +0000 2017
uber_60341,Uber_Support,60341,"@Uber_Support I left a note at the link. But I'm sure there must be a better way to get in touch, like an email address or a phone number.",@129800 We're here to help! Send us a DM with your email address and more details so we can follow up.,Wed Nov 01 21:19:37 +0000 2017
uber_60342,Uber_Support,60342,@Uber_Support Why can't I contact customer care directly through the App? Why is asking me to sign in again to address this specific issue?,@129800 We're here to help! Please send us a note here; https://t.co/1xM0TILvAI so our team can assist.,Wed Nov 01 21:04:22 +0000 2017
uber_60350,Uber_Support,60350,@Uber_Support when 10 minutes is actually 35 minutes. Please explain.,@129802 We're here to help! Please send us a note via https://t.co/e8HVorX5rh so we can connect.,Wed Nov 01 21:02:35 +0000 2017
uber_60352,Uber_Support,60352,"@Uber_Support Trying to figure out why our uber rate went from $80 when we ordered it, to $146 when it was all said and done...",@129803 Here to help! Send us a note via https://t.co/48P38j1EH1 and we'll be in touch.,Wed Nov 01 20:59:00 +0000 2017
uber_60354,Uber_Support,60354,"Hey @Uber_Support, overcharged for a ride, $8.13 ride charged me $913 resulting in a massive overdraft my account incurring many penalties",@129804 Hi there! Please send us a note via https://t.co/ue84RGNpRP so we can connect.,Wed Nov 01 21:07:24 +0000 2017
uber_60356,Uber_Support,60356,@115873 I lost my phone in an uber and no one is helping,@129805 Here to help! Find out more about contacting your driver here; https://t.co/rOtqyWzf0B.,Wed Nov 01 20:53:27 +0000 2017
uber_60358,Uber_Support,60358,Uber disables my account every fucking two days for dumbass reasons!!! 🖕🏽@115873,@129806 Here to help! Send us a note via https://t.co/Md7v036OoC so our team can connect.,Wed Nov 01 20:48:46 +0000 2017
uber_60360,Uber_Support,60360,@Uber_Support Nope not helping,@129807 Happy to take a closer look! Send us a DM with your email address and additional details so we can connect.,Wed Nov 01 22:54:02 +0000 2017
uber_60366,Uber_Support,60366,@Uber_Support I did this morning surprise no response back,@129807 We've received your DM and a member of our team has reached out. Please review your messages for our response.,Thu Nov 02 00:58:33 +0000 2017
uber_60368,Uber_Support,60368,@Uber_Support Several people had the same issue no link and no way of buying the ride pass,"@129807 The first email you received simply stated ride passes were coming, it did not imply you were selected. Apologies for any confusion.",Thu Nov 02 04:02:09 +0000 2017
uber_60362,Uber_Support,60362,@Uber_Support This link had nothing to do with a ride pass,"@129807 Sorry about that, Amanda. Please go here https://t.co/3h8wdQ4EJK, to find out more info.",Wed Nov 01 20:04:15 +0000 2017
uber_60375,Uber_Support,60375,@Uber_Support invite to buy a ride pass but no option to purchase it this morning #typical,"@129807 Hi, Amanda! Please visit; https://t.co/mHNQLPUf5T for more info. Please let us know if you have any other questions or concerns.",Wed Nov 01 18:41:59 +0000 2017
uber_61098,Uber_Support,61098,"@116276 @115873 @127960 60 million users,10 million transactions a day&amp; $70b net worth &amp; no phone support to handle fraud?#uberfail #help",@125439 We've followed up within your Direct Messages!,Wed Nov 01 20:40:42 +0000 2017
uber_61100,Uber_Support,61100,Hi @Uber_Support is this a legitimate email? https://t.co/0cKsDYVuaP,@129986 Please connect with us at https://t.co/qHI8xcWfiW and a member of our team will be happy to look into this.,Wed Nov 01 20:44:59 +0000 2017
uber_61103,Uber_Support,61103,@115877 @3390 dm me😓 @Uber_Support,@129987 Here to help. Kindly provide more information with email address so can connect.,Wed Nov 01 21:11:02 +0000 2017
uber_61105,Uber_Support,61105,@Uber_Support I just would like to know why the FUCK!!! Is there a fare diff from my house to work and from work to my house HOW!! Dumb fuck,@129988 We're always here to help! Please visit for more info; https://t.co/XU87YePtz7.,Wed Nov 01 21:10:01 +0000 2017
uber_61107,Uber_Support,61107,@115873 @Uber_Support has quite possibly the worst customer service i’ve ever experienced,@129989 We're here to help! Send us a DM with your email address and more details of your so we can follow up.,Wed Nov 01 21:12:56 +0000 2017
uber_61109,Uber_Support,61109,@Uber_Support That page is behind a login page...What's the point replying to a robot.,@129990 We will be following up with you directly in order to ensure your account information is up to date. Please keep an eye on your email inbox.,Wed Nov 01 21:28:10 +0000 2017
uber_61110,Uber_Support,61110,@Uber_Support Why are all the help pages behind the login page? Users can't login can't access help. Weird.,@129990 We're here to help! Please send us a note via https://t.co/RY2a0oDSbF so we can connect.,Wed Nov 01 21:16:45 +0000 2017
uber_61113,Uber_Support,61113,"Really, @uber_support your going to charge me 3 times, when u have no drivers to get me?",@129991 We're sorry to hear this was your experience. Can you please contact us via https://t.co/1xM0TILvAI so our team can connect?,Wed Nov 01 21:11:24 +0000 2017
uber_61115,Uber_Support,61115,Why are you consistently like this @Uber_Support? https://t.co/YZwUQV3cDh,"@129992 Here to help! Send us a note here, https://t.co/y4EDPcVZOI, and our team will follow up.",Wed Nov 01 21:09:37 +0000 2017
uber_61117,Uber_Support,61117,@Uber_Support We have already emailed 6 Times and no response.,@129993 We've been in touch via DM!,Wed Nov 01 21:29:36 +0000 2017
uber_61119,Uber_Support,61119,@115873 @Uber_Support new to UBer and was charged a 50 dollar cleaning fee and had zero food drink or items. #criminals #bewareofuber #retweet,@129993 We're so sorry this was your experience. Please send us a note here; https://t.co/a6RfeBkKmr so our team can assist.,Wed Nov 01 21:10:38 +0000 2017
uber_61123,Uber_Support,61123,@Uber_Support hi. I have been trying to sign up for Uber ride share for a while. How do I sign up for it? Where do I need to leave my email?,"@129994 Here to help! For more info regarding your concern, please visit: https://t.co/S1D4kgPTfO",Wed Nov 01 21:09:46 +0000 2017
uber_61125,Uber_Support,61125,@Uber_Support I did receive the email a few days ago.,@129995 Happy to help clarify! At this time we're all sold out for the LA ride passes. Stay tuned for other offers and promotions in the future.,Wed Nov 01 21:28:01 +0000 2017
uber_61128,Uber_Support,61128,@Uber_Support @129995 that’s not clarifying why people received this email but no follow up https://t.co/fsP9aEK5wf,"@127426 Hey, Rosie. Go ahead and DM us your account email for a follow-up.",Wed Nov 01 22:13:47 +0000 2017
uber_61126,Uber_Support,61126,Hey @115873 what happened with ride pass today? Set an alarm and it was nowhere to be found in your app.,"@129995 If you did not receive the email, then you were not selected this month. Keep an eye out for future opportunities.",Wed Nov 01 20:37:24 +0000 2017
uber_61132,Uber_Support,61132,@115873 @115877 @Uber_Support can you explain https://t.co/IlEWOlRfXM,@129996 We're here to help! Please send us a DM with your email address and details of your concern so we can assist.,Wed Nov 01 21:15:50 +0000 2017
uber_62322,Uber_Support,62322,@115873 not cool to be charged for 20 minutes extra after being dropped off...,@130276 We're sorry to hear this was your experience. Contact us via https://t.co/WFtPA6RjWt and we'll be in touch.,Wed Nov 01 21:28:59 +0000 2017
uber_62324,Uber_Support,62324,@Uber_Support For the second time you guys deserved my ride pass payment. Last time you asked me to wait for an email that never came.,@130277 Hello! Thanks for your patience. Please check your DM for our reply.,Wed Nov 01 21:07:39 +0000 2017
uber_62326,Uber_Support,62326,@Uber_Support I was able to finally speak with your customer service department #aweeklater,@130278 Glad we could help. Please let us know if you need additional help.,Wed Nov 01 21:48:19 +0000 2017
uber_62327,Uber_Support,62327,@115877 I have sent you several messages about an big time screwup and all you say is can't help! What is customer serve number!NOW!,@130278 Happy to further assist you. Can you please send us a DM (direct message) with your email address and additional details?,Wed Nov 01 21:30:31 +0000 2017
uber_62331,Uber_Support,62331,"@Uber_Support hi, what are the qualifications for uber ride pass? I use uber almost daily and I still don’t see it coming up.","@130279 Riders are selected at random for ride pass eligibility, please visit https://t.co/3h8wdQ4EJK to learn more.",Wed Nov 01 21:07:47 +0000 2017
uber_62333,Uber_Support,62333,"@Uber_Support Wow your customer chat keeps shutting me out, won't give me any services at all. I am very upset.",@130280 We see your outreach and a member of our team will be following up via email as soon as possible. We appreciate your patience.,Wed Nov 01 21:33:48 +0000 2017
uber_62335,Uber_Support,62335,Thanks for nothing @Uber_Support @115877 @115873 ! My issue was resolved in that you confirmed my food never arrived. https://t.co/R1hwY0GAUK,@130281 Happy to further assist you. Can you please send us a DM (direct message) with your email address and additional details?,Wed Nov 01 21:21:01 +0000 2017
uber_62337,Uber_Support,62337,@Uber_Support my driver canceled when he was 1 min. away. My new driver was 7 away so I walked to make it 4 minutes away— now this. Come on! https://t.co/TfrcwUQHpg,"@130282 Here to help, Jenna. Send us a note at https://t.co/593jusCquh so our team can connect.",Wed Nov 01 21:22:40 +0000 2017
uber_62339,Uber_Support,62339,@130284 @115877 I was sick af,@130283 We're here to help! Please send us a DM with your email address so we assist.,Wed Nov 01 21:19:48 +0000 2017
uber_62343,Uber_Support,62343,Is @3542 the same app as @115873 or it is a different app?,@130285 Here to help. Send us a note at https://t.co/zUe0dj6yoX so our team can connect.,Wed Nov 01 21:16:51 +0000 2017
uber_63231,Uber_Support,63231,@Uber_Support why is your support so trash? I've had 3 dumb drivers today and all I get are credits back. Foh,@130509 We're so sorry for the trouble! Please send us a DM with your email address so we can assist.,Wed Nov 01 21:44:09 +0000 2017
uber_63233,Uber_Support,63233,@115873 So bad ever .,@130510 We're here to help! Send us a DM with your email address and more details so we can follow up.,Wed Nov 01 21:43:03 +0000 2017
uber_63239,Uber_Support,63239,@Uber_Support the link in flat rate email doesn’t work,@130511 If the link isn't working the passes in your area are probably sold out. Will you please clarify which city you are in? We'll look into it.,Wed Nov 01 20:21:14 +0000 2017
uber_63241,Uber_Support,63241,@Uber_Support I was told @130513 was responsible for changing their own menu. On the app,@130512 That is correct. The restaurant would need to update the wrong items on their menu in-app.,Wed Nov 01 22:16:04 +0000 2017
uber_63242,Uber_Support,63242,"Hey @130513 I would love to order with @115877 at your National Harbor, MD location but the menu is screwed up.",@130512 We're here to help! Please send us a DM with your email address so we can assist.,Wed Nov 01 21:37:04 +0000 2017
uber_63249,Uber_Support,63249,@Uber_Support has been egregiously exhausting lately. Crazy wait times but fee charged for canceling an uber that's 10 min away &amp; counting?,"@130515 Here to help! Send us a note here, https://t.co/h840Iouehc, and our team will follow up.",Wed Nov 01 21:33:49 +0000 2017
uber_63251,Uber_Support,63251,@Uber_Support I can't sign in to my account because it was disabled. And I can't reply to your email because my Uber account email is wrong !,@130516 Please visit https://t.co/RY2a0oDSbF to send us a note and update your email address. From there a member of our team will be in touch.,Wed Nov 01 21:55:14 +0000 2017
uber_63254,Uber_Support,63254,@Uber_Support They answered me the same thing for the third time but i'm unable to reply \o/ It's a joke right ?,"@130516 Hi, Xavier. Please send us a DM with your account email address and we'll be in touch.",Thu Nov 02 10:38:29 +0000 2017
uber_63252,Uber_Support,63252,@Uber_Support you cannot receive my email because the address is wrong. Please say to French Uber support to call me. 2 weeks that I wait !,@130516 Here to help! Please reach out here: https://t.co/ACn231rQL4 for more info on how to update your account information.,Wed Nov 01 21:20:58 +0000 2017
uber_63257,Uber_Support,63257,@Uber_Support you need to explain to your drivers to get gas before pick up. This guy stops to get gas during a ride ??? Wtf,@130517 We apologize for any inconvenience. Kindly send a note here: https://t.co/DX2FSSIvsv so we can connect.,Wed Nov 01 21:36:17 +0000 2017
uber_63260,Uber_Support,63260,Hello @Uber_Support I was charged for a ride that I did not take. The driver never picked me up and said that I was on a trip.,@130518 We're here to help! Please send us a note via https://t.co/1xM0TILvAI so we can connect.,Wed Nov 01 21:33:26 +0000 2017
uber_63263,Uber_Support,63263,@115877 Just tried @115877 and they got my order wrong AGAIN. 3 our of 4 orders now have been wrong.,@130519 Will you please DM us with your email address associated with your account and the order details? We'll look into it.,Wed Nov 01 21:21:39 +0000 2017
uber_63267,Uber_Support,63267,.@115873 please let your drivers know that not stopping at a crosswalk &amp; make gestures that they will run you over &amp; kill you is unacceptable.,@130520 We're here to help! Send us a DM with your email address so we can follow up.,Wed Nov 01 21:28:12 +0000 2017
uber_63270,Uber_Support,63270,@115873 You promise flat fare of $3.49 in your pass and then charge 30 bucks for the trip? What's going on here? https://t.co/Hkkiu7wsxo,@130521 We can definitely take a closer look! Contact us here https://t.co/KKiIpUiUte so we can help.,Wed Nov 01 21:31:08 +0000 2017
uber_63272,Uber_Support,63272,@Uber_Support And being just under an hour late to a time-sensitive event is certainly not ok with me. Idk if he thinks he's gonna get paid more or......,@130522 We're so sorry for the trouble! Please send us a note here; https://t.co/y4EDPcVZOI so our team can assist.,Wed Nov 01 21:37:49 +0000 2017
uber_63277,Uber_Support,63277,Hey @115873 why do riders get charged for cancelling but I can have two drivers cancel on me after waiting 20 minutes for the pickup?,@130523 We're sorry to hear this was your experience. Contact us via https://t.co/e8HVorX5rh and we'll be in touch.,Wed Nov 01 21:33:12 +0000 2017
uber_63279,Uber_Support,63279,"@Uber_Support my insurance is updated, but I can't drive. What's going on?",@130524 We're here to help! Please send us a note via https://t.co/uRjsQ64qLY so we can assist further.,Wed Nov 01 21:24:03 +0000 2017
uber_63281,Uber_Support,63281,"@Uber_Support This response highlights a taxi experience, not today's food experience",@130525 Here to help and sorry for the confusion! Please send us a note at https://t.co/ptj11JUNYu and we'll be happy to look into this for you.,Wed Nov 01 21:47:27 +0000 2017
uber_63282,Uber_Support,63282,@Uber_Support I don't understand why it sets a time then jumps by 10 minutes..help please,@130525 We're here to help! Please send us a note here; https://t.co/e8HVorX5rh so our team can assist.,Wed Nov 01 21:42:20 +0000 2017
uber_63293,Uber_Support,63293,@115877 what's with the constantly changing time frame for delivery?,@130525 Here to help! Check out https://t.co/XIlkOBtUEy to learn about the estimated time of delivery.,Sat Oct 28 23:18:15 +0000 2017
uber_64266,Uber_Support,64266,"@Uber_Support There is no app menu, it switches between 'location' and map screens. New question, how do I cancel my account completely? I don't want any active cards.","@130742 Here to help! Follow up here; https://t.co/3eYc7uUEUm, and our team will connect right away.",Thu Nov 30 08:32:16 +0000 2017
uber_64267,Uber_Support,64267,How do I remove my credit card details from your #UberEats system? @115877 @Uber_Support @3647,@130742 Here to help! Please follow the link https://t.co/ustplGSv8H for more info.,Thu Nov 30 08:21:56 +0000 2017
uber_64270,Uber_Support,64270,Should we really be waiting over 15 minutes for food from the next suburb to be delivered because your uber bicycle is a slow rider and then hands you soggy food.. @3706 @115877 #wasteofmoney #disappointed #ubereats #coldandsoggy #binit #betterstartcooking,@130743 Here to help! Send us a note at https://t.co/OWBkgXcbMl so our team will follow up.,Thu Nov 30 08:25:12 +0000 2017
uber_64272,Uber_Support,64272,"@Uber_Support no helpline number, no support email, only pre set help options on app? Email to __email__ bounced. Wth? This is the worst that a service provider can do. Where to go? Consumer forum? For Rs.42?",@130744 We're here to help! Send us a note at https://t.co/1xM0TILvAI so we can assist.,Thu Nov 30 08:22:30 +0000 2017
uber_64275,Uber_Support,64275,@Uber_Support will i be able to get a ride pass for December? I’m from LA.,"@130745 Hi, Celine! You'll receive an offer to purchase a ride pass via email if you're eligible.",Thu Nov 30 05:37:55 +0000 2017
uber_64277,Uber_Support,64277,@115873 in #delhi is ridiculously unpunctual &amp; unprofessional. Multiple late arrivals &amp; even a cancellation after waiting.,@130746 We're here to help! Send us a note via https://t.co/593jusCquh so our team can connect.,Thu Nov 30 08:22:43 +0000 2017
uber_64279,Uber_Support,64279,@Uber_Support Please don’t waste my time. I’ve shared my account details. Email as well as phone no. For you to check all the details and conversations in my account. That is provided your systems are working properly and you can access my account.,@130747 We've followed up within your Direct Messages!,Thu Nov 30 08:46:50 +0000 2017
uber_64280,Uber_Support,64280,I am waiting for resolution of the matter after the follow up which Uber promised. @Uber_Support services are extremely poor.,@130747 Happy to take a closer look. Can you send us a DM with your email address with additional info so we can follow up?,Thu Nov 30 08:20:27 +0000 2017
uber_64286,Uber_Support,64286,@Uber_Support Can you please give me a mail id on which i have to mail you.,@130748 Happy to help! Please confirm your email address or phone number so we can further assist.,Thu Nov 30 08:30:25 +0000 2017
uber_64287,Uber_Support,64287,"@Uber_Support hi team, Please look into the requests and respond back. I have been posting requests since last month and have not received any response",@130748 Happy to take a look. Send us a DM (direct message) with your email address so we can connect.,Thu Nov 30 08:21:51 +0000 2017
uber_64290,Uber_Support,64290,@Uber_Support instant pay not working on app or website.,@130749 Here to help. Send us a note at https://t.co/TZfdydbgWq so our team can connect.,Thu Nov 30 08:21:24 +0000 2017
uber_64292,Uber_Support,64292,@Uber_Support nowhere near me,@130750 We're working hard to expand our service area. Stay tuned to our website for updates: https://t.co/Mf9vzZ0uru,Thu Nov 30 08:25:29 +0000 2017
uber_64293,Uber_Support,64293,"why is @115877 not a thing where i live, this is very inconvenient",@130750 You can see our hours and delivery area at https://t.co/P4mEOOIdr4,Thu Nov 30 08:21:09 +0000 2017
uber_64296,Uber_Support,64296,"@115873 when the driver wrongly updates as arrived and charges wait time fees, why isn't there an option to report it. Is it a uber business plan? #Fraud #Uber",@130751 We're here to help! Send us a note at https://t.co/WJq5jsdLlf so we can assist.,Thu Nov 30 08:11:20 +0000 2017
uber_64298,Uber_Support,64298,@Uber_Support Generic help document doesn’t really help. Please either call me on the mobile associated with my account or provide address to send Letter Before Action. Thank you.,"@130752 Though we don’t currently provide phone support right now, we’ll be happy to work with you via in-app support/email to fully resolve your issue. Please fill out the form with the details at https://t.co/lyqXfbVdYK so we can take a closer look.",Thu Nov 30 03:59:54 +0000 2017
uber_64300,Uber_Support,64300,"Hello @Uber_Support, can you please send me your limited company details and registered address. Need to issue proceedings to recover a £5 cancellation fee that was incorrectly charged.","@130752 We'd be happy to assist, Ben. Please go ahead and visit this help page here; https://t.co/h840Iouehc.",Thu Nov 30 01:55:32 +0000 2017
uber_64302,Uber_Support,64302,@Uber_Support I thought we got extra for picking up a passenger that is more than 8 minutes away,@130753 Here to help! Send us a note at https://t.co/vsdGZWU6G8 so our team can connect right away.,Thu Nov 30 08:17:48 +0000 2017
uber_64304,Uber_Support,64304,Drunkly txted my @115873 “ugh” after seeing his eta changed about 5 additional minutes. He immediately canceled the service. #oops,@130754 We're here to help! Send us a note via https://t.co/593jusCquh so our team can connect.,Thu Nov 30 08:01:26 +0000 2017
uber_64307,Uber_Support,64307,"hi @Uber_Support , i am not able to change my phone number in my profile. can you please help out here.","@116168 Here to assist! Please send us a note here; https://t.co/RY2a0oDSbF, and our team will be able to help!",Thu Nov 30 08:11:56 +0000 2017
uber_64309,Uber_Support,64309,"@115873 iam RameshYadav from chennai,Tamilnadu,india my uber account is disabled. please active my account mobile number: 9884422856 mail id: __email__",@130755 We're here to help! Please send us a note via https://t.co/BDlHSjUF9c so we can connect.,Thu Nov 30 08:10:09 +0000 2017
uber_64311,Uber_Support,64311,"@Uber_Support Hi, I cannot connect to my Uber account because it is asking me to verify the account by sending a code to a number that is no longer valid. How can I turn off the need for verification so that i can connect and update my phone number?",@130756 We're here to help! Send us a note at https://t.co/dwDjAokZht so we can assist.,Thu Nov 30 08:09:48 +0000 2017
uber_64314,Uber_Support,64314,@Uber_Support what is taking so long please? I’m tryna eaaaat,"@130757 We just got back to you via DM, Saffron.",Thu Nov 30 08:46:15 +0000 2017
uber_64315,Uber_Support,64315,@Uber_Support Second time now uber is saying a restaurant is too far away that I usually order from. It will probably reappear later/tomorrow but I want to eat from there now!☹️,@130757 Here to help! Please send us your email address via DM so we can connect.,Thu Nov 30 07:58:49 +0000 2017
uber_64319,Uber_Support,64319,"@Uber_Support I’m aware. I just read the email. And in my original tweet I said Uber support had been great. I wasn’t ‘following up’ here, I was commenting about the situation in general. That’s all.","@130758 Sounds about right, Lizzie! We just wanted to touch base additionally in the event there was anything else we could assist with.",Thu Nov 30 03:53:04 +0000 2017
uber_64321,Uber_Support,64321,"Ordered an Uber today. Driver arrived and I got in, then decided my destination was too far for him and made me get out. @Uber_Support were great and fixed the problem, but drivers lately have been SO rude and cancelling way more frequently lately. So frustrating.",@130758 It seems a member of our team has reached out to you. Please check your email and follow up with them there.,Thu Nov 30 03:38:16 +0000 2017
uber_64329,Uber_Support,64329,"@Uber_Support Since I don't have much hope your CC team, @4019 can u help",@130759 We've refunded the cancellation fee and sent you an updated receipt.,Thu Nov 30 09:43:58 +0000 2017
uber_64325,Uber_Support,64325,.@Uber_Support This driver 1. Asked abt the drop when I called to chk his location and claimed nothing wrong in asking abt drop as per Uber policy 2. Arrived at wrong pick up location and then cancelled when asked to come to the desired point Refund cancellation fees https://t.co/qnGfpinu1B,"@130759 Happy to help! Send us a note here, https://t.co/e8HVorX5rh, and our team will follow up.",Thu Nov 30 08:04:01 +0000 2017
uber_64333,Uber_Support,64333,"@115873 looking at my receipt, my driver clearly carried on driving without stopping the meter, so I’ve been overcharged - who can I talk to about this?","@130760 Hi there! We're here to help. Send us a note here, https://t.co/Wavn5xnaeo and so our team will assist.",Thu Nov 30 07:55:17 +0000 2017
uber_65911,Uber_Support,65911,@131077 My fiance downloaded @115873 onto my phone (as he currently has a very old phone which cannot download apps) so that we can use your service whenever we need. (2),@131076 Here to help! Please visit for more info; https://t.co/b3OoqgzSEG.,Thu Nov 30 08:46:43 +0000 2017
uber_65913,Uber_Support,65913,@Uber_Support So What's up?,@131078 Hello! Thanks for your patience. Please check your DM ( direct messages) for our reply.,Thu Nov 30 05:36:16 +0000 2017
uber_65917,Uber_Support,65917,First experiencd with @115873 Eats Baaad Dtiver didn't deliver full order. Complained via appno response!!!,@131078 That doesn't sound right. Can you please send us a DM with your email address so we can look into this?,Thu Nov 30 04:22:09 +0000 2017
uber_65919,Uber_Support,65919,"@Uber_Support An Uber overtook me unsafely today at around 08:22 GMT on Beechwood Ave, Coventry, UK. I was cycling southbound between Shaftesbury &amp; Rochester Rd, when an Uber marked car passed me with less than the safe passing distance. Please educate your drivers!",@131079 We're here to help! Send us a DM with your email address so we can assist.,Thu Nov 30 08:50:28 +0000 2017
uber_65921,Uber_Support,65921,"@Uber_Support why am I getting "" there was an error processing your request"" pop up message when i try request a ride?","@131080 Hi there! We're here to help. Send us a note here, https://t.co/QnlFEMKRcC and so our team will assist.",Thu Nov 30 08:50:39 +0000 2017
uber_65923,Uber_Support,65923,@Uber_Support Thanks for that. It wasn’t 100% helpful. What’s the best way to log a support ticket?,"@131081 Hi, Mark. If you're unable to find a supporting help article or link at https://t.co/9zsMJKZ2dB, you can use our general support form, https://t.co/balq3Eyso6, to get in touch with support.",Thu Nov 30 09:02:35 +0000 2017
uber_65924,Uber_Support,65924,Hey @115873. Trying to purchase my flat fare package for SF but it won’t let me since I’m in nyc. Any help?,@131081 Here to help! Please visit https://t.co/3h8wdQ4EJK for more info.,Thu Nov 30 08:47:48 +0000 2017
uber_65928,Uber_Support,65928,There's also been an increasing amount of uber drivers cancelling on me and my friends lately. I've even had one stop around the corner and refuse to answer the phone waiting for me to cancel. @Uber_Support what's up with that?,"@131082 A member of our team has reached out so please check your rider app under the 'Help' section OR email inbox to see our response. If you have any additional questions or concerns, please be sure to follow up there so we can help.",Thu Nov 30 04:19:56 +0000 2017
uber_65936,Uber_Support,65936,"One of the worst journeys ever! A rude driver, asking how well we knew the area then persisting for a cash sale. Disappointed. @Uber_Support @115873","@131084 Sorry for the trouble! Send us a note here, https://t.co/oo9s9RBmWe, and our team will be in touch.",Thu Nov 30 08:46:28 +0000 2017
uber_65938,Uber_Support,65938,Yo what the fuck!? My @115873 driver has a 2.09 rating‼️ This dood must have really fucked up 💢 https://t.co/b9OWV6fawY,@131085 Happy to help! Please reach out to https://t.co/QDn91HzZV0 and fill out the 4 boxes at the bottom so we can get in touch.,Thu Nov 30 08:43:56 +0000 2017
uber_65940,Uber_Support,65940,"@3390 @Uber_Support can drivers stop soaking their cars/selves in cologne. You don't do it at work, this is work.","@131086 Hi there! We're here to help. Send us a note here, https://t.co/aBEgvdNWQN and so our team will assist.",Thu Nov 30 08:41:41 +0000 2017
uber_65942,Uber_Support,65942,I was charged RS 100 more on my ride all due to driver fault. When I was reporting it app showed fair was within range @Uber_Support #help https://t.co/zBSxqGrI6q,"@131087 Hi there! We're here to help. Send us a note here, https://t.co/e8HVorX5rh and so our team will assist.",Thu Nov 30 08:37:36 +0000 2017
uber_65944,Uber_Support,65944,@Uber_Support You cant keep dragging this topic for months. its been almost a week since i am asking u for corrected invoice. And i hope its not a rocket since for u to do the same ?,@131088 We've sent you some additional details via DM for this concern. Please check your inbox.,Fri Dec 01 09:34:51 +0000 2017
uber_65946,Uber_Support,65946,@Uber_Support Check the attached image. Why there is a difference ? REFUND me the money ASAP... As Quickly as Possible or send me my corrected invoice https://t.co/wH9wPXBmaN,"@131088 Hi, Pankaj. Our team has escalated your in app message to the appropriate team. Please keep an eye out on your notifications for us.",Thu Nov 30 04:14:06 +0000 2017
uber_65950,Uber_Support,65950,@Uber_Support the same was said yesterday as u can see in the timeline above ? kindly make it ASAP as i am loosing time and ultimately money,@131088 We are definitely doing our best to review your issue as quickly as possible. Thank you for your understanding.,Wed Nov 29 11:45:17 +0000 2017
uber_65952,Uber_Support,65952,@Uber_Support @116288 What is this ? i have sent all the details on Help page and its more than 24Hrs and more than 1 Month wait that i have to do for a Correct Invoice ? If i am unable to reimburse the money from my company then u need to refund me Rs.847,@131088 We can assure you a member of our team will be in touch via email asap. Thank you again for your patience.,Wed Nov 29 11:38:40 +0000 2017
uber_65954,Uber_Support,65954,@Uber_Support Have sent u DM kindly check,@131088 We see your outreach and a member of our team will be following up via email as soon as possible. We appreciate your patience.,Tue Nov 28 12:10:18 +0000 2017
uber_65956,Uber_Support,65956,"@Uber_Support Hello, I have already updated the same via link above . and its already been more than 5 Hrs still no updates from ur end ? i have to reimburse these taxi charges from my company and its really urgent","@131088 We weren't able to locate a support inquiry from you, Pankaj. Please send us a note at the link previously provided and we'll follow up shortly,",Tue Nov 28 11:37:11 +0000 2017
uber_65958,Uber_Support,65958,@116288 @Uber_Support Could you please ASAP provide the correct invoice as requested in my earlier twet ? Thanks https://t.co/VCRFH73d80,"@131088 We're here to help! Send us a note here, https://t.co/yGRrTK9UC4 and so our team will assist.",Tue Nov 28 06:13:48 +0000 2017
uber_65960,Uber_Support,65960,@115873 so one of your drivers picks my daughter and her friend up.. Gets himself lost because of a road closure and then charges nearly double the price it should have been.. Can you please explain why!!!,"@131089 Due to our privacy policy, we're not able to address these concerns over social. Please have the account holder (or the person you're writing in for) contact us at https://t.co/balq3Eyso6 so we can assist them further. Please let us know if you have any other questions.",Thu Nov 30 08:36:01 +0000 2017
uber_65962,Uber_Support,65962,@Uber_Support I need help my account was disabled with a 15 dollar gift card on it,@131090 Here to help! Please contact us via https://t.co/Md7v036OoC so we can follow up.,Thu Nov 30 08:38:14 +0000 2017
uber_65966,Uber_Support,65966,"@Uber_Support Day 13 of trying to resolve my issue. Outside of your DM acknowledging my DM, no other response. No explanation. No resolution. This after ""earning VIP"" and spending thousands with @14667 so far this year. Thanks guys!😀 @112121","@131091 Hi, Saurabh! Please go ahead and try using the payment method that was giving you troubles previously. It should work now without further issues, if anything else comes up please be sure to let us know.",Thu Nov 30 04:02:27 +0000 2017
uber_65968,Uber_Support,65968,"@Uber_Support Well, twitter says your account received it but nobody read it ☹️. I will send another DM. Maybe check now and let me know if you got it? https://t.co/x30PhcCEkw",@131091 Here to help. A member of our team has followed up via DM.,Wed Nov 29 03:07:42 +0000 2017
uber_65970,Uber_Support,65970,@Uber_Support It's day 12 of trying to resolve my issue. I DM'd you yesterday. No acknowledgement. No response. No resolution to issue. Would someone from @14667 or @Uber_Support be able / willing to help?,@131091 We have not received any DM from your account. Please send us a DM with your account email address and details and we'll connect.,Wed Nov 29 02:33:01 +0000 2017
uber_65973,Uber_Support,65973,"@14667 What’s up with the complete lack of response to the messages I’ve sent through your support form (in-app, email)? How should i get an issue resolved, if nobody responds for over a week?!",@131091 We're here to help! Send us a DM with your email address so we can connect.,Mon Nov 27 21:16:34 +0000 2017
uber_65975,Uber_Support,65975,"Prebooked a cab an hour ago and the driver just canceled, now I’m going to be late @Uber_Support","@131093 We're here to help! Send us a note here, https://t.co/e8HVorX5rh and so our team will assist.",Thu Nov 30 08:32:21 +0000 2017
uber_65977,Uber_Support,65977,@115873 eats has the most fucked up UX among all orders apps. Can't get a simple location right.,@131094 Here to help. Send us a note at https://t.co/NcKEnQDmxQ so our team can connect .,Thu Nov 30 08:23:18 +0000 2017
uber_65980,Uber_Support,65980,"@Uber_Support Hi there, trying to add a payment type on an Android phone &amp; all i get is a blank screen. Reinstalled app, no luck. Any advice?",@131095 Here to help. Send us a note at https://t.co/zUe0dj6yoX so our team can connect.,Thu Nov 30 08:24:36 +0000 2017
uber_65982,Uber_Support,65982,@Uber_Support ive dm-ed you but no response,@131096 We've followed up via DM so please check your inbox.,Thu Nov 30 05:08:28 +0000 2017
uber_65985,Uber_Support,65985,@Uber_Support done but it is still there??? i really need to use uber now https://t.co/Ibc58gVzQH,@131096 We're here to help! Send us a DM with your email address so we can follow up.,Thu Nov 30 02:53:28 +0000 2017
uber_65987,Uber_Support,65987,@Uber_Support @115873 HELLO UBER??? my driver was the one who cancelled the trip but why did you charge me RM5 for the cancellation trip??????? HELLLLO??,@131096 We're sorry to hear about the trouble! Please contact us via https://t.co/h840Iouehc so our team can connect.,Thu Nov 30 02:14:31 +0000 2017
uber_67590,Uber_Support,67590,@Uber_Support It's not working. My passport is in the car and my flight leaves in 3hs,@131433 We're here to help! Send us a DM (direct message) with your email address so we can connect.,Thu Nov 30 09:27:55 +0000 2017
uber_67594,Uber_Support,67594,@Uber_Support DMing now! X,@131433 Here to help! Please confirm your email address or phone number so we can further assist.,Thu Nov 30 09:32:19 +0000 2017
uber_67597,Uber_Support,67597,"@Uber_Support 07828121233, thank you",@131433 We've followed up via DM. Please remove any personal info from public view for security reasons. Thanks!,Thu Nov 30 09:37:47 +0000 2017
uber_67591,Uber_Support,67591,@Uber_Support @115873 @131077 @131434 HELP I HAVE LEFT MY PASSPORT IN AN UBER,"@131433 Send us a note here; https://t.co/rOtqyWzf0B, and our team will be able to help!",Thu Nov 30 09:23:48 +0000 2017
uber_67600,Uber_Support,67600,@115873 @Uber_Support is the worst company ever if you have a choice use @115879 i got charged 11$ for a ride in california when i live in maryland and i got an automated response insted of a real person looking at my support ticket,"@131435 Send us a note here;https://t.co/1xM0TILvAI, and our team will be able to help!",Thu Nov 30 09:18:04 +0000 2017
uber_67603,Uber_Support,67603,"@Uber_Support They did and not very helpful. Also when I wanted to delete my account, I couldn't because of a pending payment issue. Just let me know what I need to pay and I'll be in my way.",@131436 We've followed up again via in app with further information. Please check your 'Help' tab for a response.,Thu Nov 30 09:29:55 +0000 2017
uber_67604,Uber_Support,67604,"@Uber_Support Following up, any updates guys?","@131436 Hi, Dhruv. A member of our team has been in touch via in-app support regarding this issue. Please check the ""Help"" section of the app and reply there directly.",Thu Nov 30 04:54:54 +0000 2017
uber_67607,Uber_Support,67607,@Uber_Support I would like to delete my account. Can you please expedite this? Let me know your questions. Thanks!,@131436 We're sorry for the trouble! We're currently reviewing your email and will follow up shortly.,Tue Nov 28 04:13:06 +0000 2017
uber_67610,Uber_Support,67610,@Uber_Support Never got a reply from past 24hrs..,"@131437 Hi, Lokesh. Please send us a DM with the email linked to your account and we'll follow up.",Fri Dec 01 05:53:46 +0000 2017
uber_67611,Uber_Support,67611,Dear @115877 i have not received the food item which i have ordered.But charged fully for the item...? Pls refund it.. https://t.co/wmCJP3Gfvr,"@131437 Happy to help! Send us a note here, https://t.co/CFfAivHfVj, and our team will follow up.",Thu Nov 30 09:16:39 +0000 2017
uber_67614,Uber_Support,67614,"@Uber_Support already spoken to your team, the delivery time has now gone up by another 15 minutes since then",@131438 Happy to take a look. Send us a DM (direct message) with your email address so we can follow up.,Thu Nov 30 09:09:56 +0000 2017
uber_67616,Uber_Support,67616,"thought i would surprise my girlfriend with an @115877 before uni, its already been an hour and the time expected keeps going up. Apparently an hour increase is only 'slight demand' though",@131438 Here to help. Send us a note at https://t.co/pqZPVbpZRI so our team can connect.,Thu Nov 30 09:02:35 +0000 2017
uber_67618,Uber_Support,67618,@Uber_Support You have asked to send DM...unfortunately no response there as well..strange!...now I am forced to delete uber account..no need of such account where customer care doesn't act..,"@131439 Hi, Amit. Our team has followed up with you via in app messaging, please check your notifications for us, thanks!",Thu Nov 30 04:45:06 +0000 2017
uber_67620,Uber_Support,67620,"@Uber_Support Is anyone there to respond customer grievances? Writing to uber from past 3 days, no response yet. Screenshot attached. https://t.co/Eyz2H76f0S",@131439 We're here to help! Send us a DM with your email address so we can assist.,Wed Nov 29 11:26:55 +0000 2017
uber_67623,Uber_Support,67623,@Uber_Support will u solve my query or not,@131440 Looks like our team has connected with you via our in app-support. Please follow up there if you have any questions.,Thu Nov 30 09:41:33 +0000 2017
uber_67624,Uber_Support,67624,@Uber_Support will u reply to my query,"@131440 Happy to help! Send us a note here, https://t.co/lqVgKo4ZO3, and our team will follow up.",Thu Nov 30 08:59:55 +0000 2017
uber_67631,Uber_Support,67631,@Uber_Support Can you explain what terms and conditions has been breached! I'm just a normal customer as everyone. This is the mail I get Everytime. Can you explain? https://t.co/KSmMVY7w6l,"@131442 We just got back to you via DM, Pooja.",Thu Nov 30 10:46:50 +0000 2017
